rollout/ep_len_mean,rollout/exploration_rate,time/time_elapsed,time/fps,time/episodes,time/total_timesteps,rollout/ep_rew_mean,train/loss,train/learning_rate,train/n_updates
304.5,0.9967763333333334,8,235,4,2036,-699.1180005,,,
296.375,0.9955350000000001,9,306,8,2820,-443.452639125,,,
380.9166666666667,0.9920516666666666,10,485,12,5020,-366.1387850833334,,,
414.625,0.9885683333333333,11,630,16,7220,-346.1183195,,,
440.4,0.9852496666666666,12,739,20,9316,-368.9992959,,,
439.5,0.9820386666666665,13,817,24,11344,-347.498820625,0.31855541467666626,0.0003,83
454.14285714285717,0.9785553333333333,16,819,28,13544,-356.28131924999997,0.09884564578533173,0.0003,221
457.15625,0.9761739999999999,17,838,32,15048,-374.82948731249996,0.05204271897673607,0.0003,315
462.1666666666667,0.9726906666666667,19,883,36,17248,-372.3696547222222,0.07877184450626373,0.0003,452
458.45,0.9692073333333332,20,928,40,19448,-367.012565375,0.7122446894645691,0.0003,590
463.02272727272725,0.966769,21,954,44,20988,-347.9969074545454,0.3965322971343994,0.0003,686
464.75,0.9632856666666668,23,978,48,23188,-339.2715872291667,0.4884345829486847,0.0003,824
454.71153846153845,0.9619873333333334,24,986,52,24008,-339.18851992307697,0.2842197120189667,0.0003,875
461.51785714285717,0.9585039999999999,26,1001,56,26208,-329.40287505357145,0.04995891824364662,0.0003,1012
466.5833333333333,0.9553373333333334,28,1000,60,28208,-327.8230135333334,0.0663314014673233,0.0003,1137
450.078125,0.9534246666666667,29,1006,64,29416,-316.3646853125,0.04112076014280319,0.0003,1213
447.86764705882354,0.9504480000000001,30,1016,68,31296,-334.0348927794118,0.33644816279411316,0.0003,1330
453.5416666666667,0.9469646666666666,34,984,72,33496,-329.27188950000004,0.06380409747362137,0.0003,1468
455.44736842105266,0.9434876666666667,36,984,76,35692,-320.99077984210527,0.14920532703399658,0.0003,1605
460.175,0.9400043333333333,37,998,80,37892,-312.2346042625,0.0851219892501831,0.0003,1743
459.45238095238096,0.9374583333333334,39,1008,84,39500,-305.1788419761905,0.12328182905912399,0.0003,1843
457.0,0.9350769999999999,40,1016,88,41004,-310.38444464772726,0.13034303486347198,0.0003,1937
458.80434782608694,0.9322143333333334,41,1025,92,42812,-302.0859264565217,0.12637381255626678,0.0003,2050
453.0104166666667,0.930099,42,1031,96,44148,-297.2436149479167,0.12625372409820557,0.0003,2134
453.08,0.927496,44,1039,100,45792,-290.43097817,0.14193683862686157,0.0003,2236
455.92,0.924836,45,1049,104,47472,-267.84359234,0.057320717722177505,0.0003,2341
458.16,0.9225813333333333,47,1032,108,48896,-263.92822103,0.0976310670375824,0.0003,2430
452.1,0.9205293333333333,49,1016,112,50192,-260.78652558,0.07065936177968979,0.0003,2511
452.75,0.9170460000000001,50,1028,116,52392,-257.07224604000004,0.10905076563358307,0.0003,2649
447.03,0.9143543333333335,52,1038,120,54092,-240.71584449,0.7803524732589722,0.0003,2755
444.38,0.9119413333333335,53,1047,124,55616,-236.55437981000003,0.11593489348888397,0.0003,2850
438.91,0.9092686666666665,54,1054,128,57304,-224.13024183000002,0.8461105823516846,0.0003,2956
432.57,0.9081223333333333,54,1057,132,58028,-205.78809760000004,0.8836041688919067,0.0003,3001
425.36,0.9051203333333332,56,1064,136,59924,-193.63835755999997,0.4575868546962738,0.0003,3120
420.41,0.9028086666666667,57,1070,140,61384,-184.88165723999998,0.2284616082906723,0.0003,3211
414.79,0.9016433333333334,57,1071,144,62120,-181.65175400999996,0.342947781085968,0.0003,3257
412.9,0.8981916666666668,59,1077,148,64300,-176.32381009999997,0.341461718082428,0.0003,3393
411.77,0.8956773333333332,61,1079,152,65888,-166.82869895,0.04395896568894386,0.0003,3492
408.97,0.8929983333333332,62,1083,156,67580,-167.7267035,0.46071499586105347,0.0003,3598
403.23,0.891073,63,1087,160,68796,-158.49000765,0.1281907707452774,0.0003,3674
412.11,0.8887106666666665,65,1066,164,70288,-160.18377989,0.4202668368816376,0.0003,3767
414.55,0.8852273333333334,67,1069,168,72488,-138.10546634,0.6959244012832642,0.0003,3905
402.12,0.883511,68,1072,172,73572,-130.63842446999996,0.06221292167901993,0.0003,3973
402.11,0.8800276666666665,74,1014,176,75772,-128.85079987,0.45716115832328796,0.0003,4110
396.34,0.8775956666666668,75,1019,180,77308,-125.75526213,0.059146419167518616,0.0003,4206
395.21,0.8741123333333334,77,1019,184,79508,-131.46908728999998,0.08862501382827759,0.0003,4344
397.51,0.8724466666666666,79,1010,188,80560,-114.21854544999997,0.05841406434774399,0.0003,4409
398.41,0.8695776666666667,81,1012,192,82372,-115.34103005999998,0.10251397639513016,0.0003,4523
407.62,0.8660943333333335,82,1021,196,84572,-113.85215806999999,0.2097882181406021,0.0003,4660
402.4,0.8634596666666666,84,1024,200,86236,-111.71165030000002,0.37571650743484497,0.0003,4764
403.18,0.861319,85,1028,204,87588,-109.28127563,0.10263187438249588,0.0003,4849
409.03,0.8578356666666668,86,1034,208,89788,-108.46731431,1.032347321510315,0.0003,4986
415.09,0.8543523333333334,88,1036,212,91988,-109.51660446,0.13165834546089172,0.0003,5124
411.09,0.8508690000000001,90,1036,216,94188,-102.80274123999999,0.42037421464920044,0.0003,5261
412.47,0.8492223333333332,92,1029,220,95228,-103.74809025,0.08164186775684357,0.0003,5326
419.72,0.845739,94,1027,224,97428,-98.90747047999999,0.1461520940065384,0.0003,5464
419.09,0.8431740000000001,95,1032,228,99048,-98.23250078,0.18141598999500275,0.0003,5565
424.71,0.8396906666666666,97,1034,232,101248,-100.36565804000001,0.13926029205322266,0.0003,5702
433.83,0.8362073333333334,99,1036,236,103448,-105.35716722000001,0.8176220655441284,0.0003,5840
438.54,0.8334840000000001,101,1039,240,105168,-102.93287833999999,0.5164045095443726,0.0003,5947
445.81,0.8300006666666666,102,1046,244,107368,-101.45108361999999,0.8369354009628296,0.0003,6085
446.73,0.8271506666666667,103,1052,248,109168,-96.79387381999999,0.08013509213924408,0.0003,6197
451.86,0.8242246666666667,104,1057,252,111016,-96.32635834999999,0.09167742729187012,0.0003,6313
452.05,0.8223943333333332,105,1061,256,112172,-89.87969531999997,0.5995526909828186,0.0003,6385
454.71,0.8189806666666667,107,1067,260,114328,-87.80142123,0.15670040249824524,0.0003,6520
459.73,0.8154973333333333,108,1072,264,116528,-81.37914740000001,0.4208157956600189,0.0003,6657
451.57,0.8132173333333333,109,1073,268,117968,-79.46481119,0.06844929605722427,0.0003,6747
462.13,0.8097340000000001,111,1077,272,120168,-77.78020068,0.5653501749038696,0.0003,6885
460.31,0.8074666666666668,112,1080,276,121600,-73.20357941000002,0.13227684795856476,0.0003,6974
466.08,0.8039833333333333,114,1082,280,123800,-69.83195427000001,0.06516194343566895,0.0003,7112
469.27,0.8013296666666667,116,1080,284,125476,-58.128472280000004,0.05591167137026787,0.0003,7217
471.29,0.7978463333333332,118,1079,288,127676,-59.37398717,0.3502082824707031,0.0003,7354
465.73,0.7957943333333333,119,1081,292,128972,-55.38344145999999,0.17739880084991455,0.0003,7435
461.5,0.7923110000000001,120,1084,296,131172,-47.56734419,0.053482405841350555,0.0003,7573
466.07,0.7898283333333334,122,1086,300,132740,-43.856145819999995,0.46421584486961365,0.0003,7671
467.91,0.7864843333333332,123,1089,304,134852,-40.74076373,0.39278650283813477,0.0003,7803
470.29,0.7830010000000001,125,1092,308,137052,-38.79681302,0.07804856449365616,0.0003,7940
465.75,0.7804360000000001,126,1095,312,138672,-33.15870005,0.8196507692337036,0.0003,8041
467.42,0.7773453333333333,128,1097,316,140624,-30.551386549999997,0.04855523630976677,0.0003,8163
472.02,0.773862,129,1102,320,142824,-26.73142791999999,0.13473230600357056,0.0003,8301
470.29,0.7703786666666667,131,1101,324,145024,-22.685630859999996,0.21733368933200836,0.0003,8438
472.6,0.767459,133,1100,328,146868,-18.59502238,0.44305214285850525,0.0003,8554
475.15,0.7640706666666667,136,1092,332,149008,-16.48858098,0.04732157289981842,0.0003,8687
470.86,0.7611953333333332,144,1042,336,150824,-7.183914610000001,0.39095377922058105,0.0003,8801
476.1,0.757712,146,1047,340,153024,-5.254576219999999,0.5936219692230225,0.0003,8938
475.76,0.7542286666666668,147,1052,344,155224,-0.7268403499999985,0.9892885088920593,0.0003,9076
479.38,0.7507453333333334,148,1058,348,157424,-2.3547287199999984,0.1864454448223114,0.0003,9213
483.16,0.7478003333333334,149,1063,352,159284,0.6486291300000013,0.06532398611307144,0.0003,9330
482.13,0.745818,150,1065,356,160536,4.08809352,1.0598245859146118,0.0003,9408
484.96,0.7423346666666668,151,1071,360,162736,7.176455830000001,0.7050622701644897,0.0003,9545
484.96,0.7388513333333333,153,1077,364,164936,8.51117342,0.04952988773584366,0.0003,9683
496.18,0.735368,154,1082,368,167136,9.26040516,0.3105364441871643,0.0003,9820
497.44,0.7322710000000001,155,1087,372,169092,14.888232199999997,0.09896605461835861,0.0003,9943
501.68,0.7287876666666667,156,1092,376,171292,14.96341318,0.0624917633831501,0.0003,10080
501.68,0.7253043333333332,158,1096,380,173492,14.836854439999998,0.31069424748420715,0.0003,10218
503.63,0.721821,159,1100,384,175692,17.684504970000003,0.7138864994049072,0.0003,10355
504.05,0.7183376666666668,160,1105,388,177892,23.94784281,0.1029813215136528,0.0003,10493
510.77,0.7148543333333333,162,1109,392,180092,28.103552540000006,0.25913307070732117,0.0003,10630
511.74,0.711789,163,1112,396,182028,29.34564022,0.02914765290915966,0.0003,10751
515.48,0.7083056666666667,165,1114,400,184228,32.81082082,0.14949862658977509,0.0003,10889
519.84,0.7048223333333333,166,1118,404,186428,32.21497747,0.6185873746871948,0.0003,11026
519.84,0.7013390000000002,167,1123,408,188628,34.04056432,0.040215373039245605,0.0003,11164
523.72,0.6978556666666667,169,1126,412,190828,36.56057872,0.07976138591766357,0.0003,11301
526.15,0.6943723333333334,170,1130,416,193028,41.44901161000001,0.30245375633239746,0.0003,11439
526.15,0.6908889999999999,172,1132,420,195228,43.40869948999999,0.6238320469856262,0.0003,11576
527.45,0.6874056666666668,173,1135,424,197428,45.96565601,0.2944166362285614,0.0003,11714
531.56,0.6839223333333335,175,1139,428,199628,43.15861921,0.03663632646203041,0.0003,11851
531.74,0.680439,176,1142,432,201828,47.58430619999999,0.3451397120952606,0.0003,11989
536.0,0.6769556666666665,178,1145,436,204028,46.92537507,0.4731592535972595,0.0003,12126
536.0,0.6734723333333333,179,1147,440,206228,48.20191719,0.389180451631546,0.0003,12264
536.34,0.6699890000000002,181,1150,444,208428,47.46356229,1.3121364116668701,0.0003,12401
535.62,0.6666639999999999,182,1152,448,210528,54.11822540000001,0.02491411566734314,0.0003,12532
535.72,0.6636556666666666,184,1153,452,212428,59.063258340000004,0.4618121087551117,0.0003,12651
538.18,0.6602356666666667,185,1153,456,214588,62.87245530999999,0.11355610191822052,0.0003,12786
538.93,0.6567523333333332,187,1154,460,216788,63.31036911,0.03961087763309479,0.0003,12924
538.27,0.6536870000000001,189,1156,464,218724,67.19853201,0.3955942690372467,0.0003,13045
534.29,0.6502036666666666,191,1156,468,220924,72.50975509000001,0.0444798544049263,0.0003,13182
534.15,0.6471446666666668,193,1149,472,222856,74.05581495999999,0.839396595954895,0.0003,13303
527.82,0.6446746666666667,195,1148,476,224416,79.25934702,0.3953199088573456,0.0003,13400
520.21,0.6416536666666666,200,1130,480,226324,88.22967593,0.042071808129549026,0.0003,13520
516.85,0.6385376666666667,201,1130,484,228292,97.22455295,0.3249102234840393,0.0003,13643
516.53,0.635523,203,1128,488,230196,100.79322504999999,0.4638487994670868,0.0003,13762
515.01,0.6320396666666668,206,1124,492,232396,105.54259766,0.038551218807697296,0.0003,13899
516.75,0.6295189999999999,208,1124,496,233988,109.80028932,0.016784843057394028,0.0003,13999
509.5,0.6277456666666666,208,1125,500,235108,113.18023948,1.0016565322875977,0.0003,14069
508.43,0.6242623333333335,210,1127,504,237308,118.50752497999999,0.023077379912137985,0.0003,14206
508.43,0.620779,212,1125,508,239508,121.24059122,0.15287864208221436,0.0003,14344
506.45,0.61734,214,1126,512,241680,132.49271471,1.300502896308899,0.0003,14479
502.73,0.615307,215,1125,516,242964,134.58710712,0.2074722945690155,0.0003,14560
500.38,0.6118743333333334,217,1125,520,245132,142.48224737,0.4378426671028137,0.0003,14695
494.19,0.6084923333333334,219,1126,524,247268,144.87698880999997,0.01927681639790535,0.0003,14829
489.61,0.6053953333333333,221,1126,528,249224,151.74704949,1.621053695678711,0.0003,14951
488.32,0.6024440000000001,223,1125,532,251088,158.63549824,0.4400654137134552,0.0003,15067
485.26,0.5999803333333334,224,1126,536,252644,164.4913887,0.7708991169929504,0.0003,15165
477.25,0.5985996666666668,224,1126,540,253516,170.50212737,0.4010067582130432,0.0003,15219
473.48,0.5959080000000001,226,1127,544,255216,181.99583484000007,0.020984109491109848,0.0003,15325
473.17,0.5924753333333332,228,1127,548,257384,184.64772082,0.10947095602750778,0.0003,15461
468.18,0.589999,229,1128,552,258948,187.26252331999996,0.4243398904800415,0.0003,15559
465.94,0.5869589999999998,230,1129,556,260868,195.92402322,0.09898609668016434,0.0003,15679
462.86,0.5834756666666667,232,1130,560,263068,202.92508217000002,0.4747183620929718,0.0003,15816
460.69,0.5806763333333333,233,1131,564,264836,212.04867771000005,0.11431416869163513,0.0003,15927
463.57,0.5775096666666668,235,1132,568,266836,216.33660564,0.4233655035495758,0.0003,16052
462.27,0.5742733333333335,237,1133,572,268880,218.81688584999995,0.45834124088287354,0.0003,16179
460.41,0.57098,238,1134,576,270960,216.34217967000004,0.6032635569572449,0.0003,16309
463.96,0.5678196666666666,240,1135,580,272956,216.85929470000002,0.07524565607309341,0.0003,16434
463.99,0.5648936666666668,241,1136,584,274804,216.61441194,0.15055693686008453,0.0003,16550
460.06,0.5636523333333334,242,1137,588,275588,215.44096817000002,0.18917912244796753,0.0003,16599
456.03,0.5610936666666667,243,1137,592,277204,219.19495726999997,0.4610114097595215,0.0003,16700
455.16,0.5576103333333333,245,1139,596,279404,215.30122727000003,0.0187394879758358,0.0003,16837
457.5,0.5547540000000002,246,1140,600,281208,216.34485905999998,0.3554462492465973,0.0003,16950
457.02,0.5516823333333334,248,1140,604,283148,221.87384981,0.168983593583107,0.0003,17071
448.26,0.5495669999999999,249,1141,608,284484,222.0684208,0.6222735047340393,0.0003,17155
446.88,0.5467550000000001,250,1142,612,286260,220.84521145000002,0.050403863191604614,0.0003,17266
438.1,0.5449246666666666,251,1143,616,287416,215.82775976000002,0.4241280257701874,0.0003,17338
435.17,0.5422266666666669,252,1144,620,289120,217.40509685,0.4357985556125641,0.0003,17444
435.45,0.5400289999999999,253,1145,624,290508,220.14745197999997,0.014346938580274582,0.0003,17531
431.13,0.5385723333333334,254,1146,628,291428,222.93679846999999,0.014309214428067207,0.0003,17589
428.51,0.5355956666666668,255,1146,632,293308,226.87346533,1.8785525560379028,0.0003,17706
422.66,0.5340186666666668,256,1146,636,294304,223.47557026,0.6350930333137512,0.0003,17768
416.16,0.5327203333333335,257,1146,640,295124,214.64874823000002,0.36210933327674866,0.0003,17820
407.32,0.5306113333333333,258,1147,644,296456,205.05966033999997,0.14795362949371338,0.0003,17903
399.12,0.5285656666666668,259,1148,648,297748,204.43603715999998,0.01800902746617794,0.0003,17984
399.07,0.5260956666666667,260,1149,652,299308,210.88931382999996,0.19349287450313568,0.0003,18081
397.95,0.5233786666666667,264,1139,656,301024,207.29952594000002,0.4174817204475403,0.0003,18188
391.19,0.5217953333333333,264,1140,660,302024,207.34552806,0.2999054491519928,0.0003,18251
388.86,0.5184956666666669,266,1139,664,304108,204.38411681999997,0.4170544147491455,0.0003,18381
382.38,0.5161143333333333,268,1140,668,305612,204.14506412,0.011372333392500877,0.0003,18475
381.47,0.5134290000000001,269,1141,672,307308,206.91238525,0.013220949098467827,0.0003,18581
384.24,0.5104523333333335,270,1142,676,309188,218.50676451000004,0.11217944324016571,0.0003,18699
387.51,0.506969,272,1141,680,311388,218.21704277999999,0.5210630297660828,0.0003,18836
386.34,0.5043406666666665,274,1139,684,313048,220.74512054999997,0.42217040061950684,0.0003,18940
386.74,0.5016363333333334,276,1140,688,314756,226.51904275999996,1.1882025003433228,0.0003,19047
385.91,0.49926766666666667,277,1140,692,316252,230.04484197000002,0.27853265404701233,0.0003,19140
384.03,0.49601866666666683,278,1142,696,318304,238.09263655999996,1.1108182668685913,0.0003,19268
384.65,0.49375133333333343,279,1143,700,319736,241.53121133999997,0.4086196720600128,0.0003,19358
379.42,0.491104,280,1145,704,321408,245.1467228,0.03993725776672363,0.0003,19462
380.21,0.4896410000000001,281,1145,708,322332,250.89502198000002,0.4283532202243805,0.0003,19520
379.63,0.4871266666666666,282,1147,712,323920,250.76816187999998,0.42182186245918274,0.0003,19619
387.63,0.4843273333333332,283,1148,716,325688,261.6534815500001,0.012745444662868977,0.0003,19730
387.48,0.48145833333333354,285,1147,720,327500,263.48365523,0.9184618592262268,0.0003,19843
384.81,0.479514,286,1148,724,328728,261.58012272,0.4047906994819641,0.0003,19920
389.13,0.4767969999999999,287,1149,728,330444,267.03498026,0.05169731006026268,0.0003,20027
386.07,0.47451066666666664,288,1151,732,331888,263.97085373,0.457979291677475,0.0003,20117
388.49,0.4721103333333334,289,1151,736,333404,274.24111288,0.9175674319267273,0.0003,20212
398.98,0.4696973333333334,290,1152,740,334928,286.84614283999997,0.4348306357860565,0.0003,20307
408.1,0.46671433333333334,292,1153,744,336812,295.96996637,1.2538779973983765,0.0003,20425
408.62,0.46428233333333324,293,1154,748,338348,299.16505671000004,0.6507581472396851,0.0003,20521
407.04,0.4620276666666667,294,1155,752,339772,299.22095198,0.4148618280887604,0.0003,20610
401.18,0.4596906666666668,295,1156,756,341248,298.92125871,0.012677607126533985,0.0003,20702
399.84,0.4582466666666667,295,1156,760,342160,298.77789237,0.6692326068878174,0.0003,20759
399.87,0.45594766666666675,297,1155,764,343612,301.83689257,0.011573681607842445,0.0003,20850
402.87,0.45316100000000004,298,1155,768,345372,306.3257114,0.042609021067619324,0.0003,20960
398.57,0.4505073333333335,300,1156,772,347048,308.98718032,0.44620853662490845,0.0003,21065
393.21,0.4487403333333335,300,1157,776,348164,305.6960195600001,0.38791295886039734,0.0003,21135
387.04,0.4460550000000001,301,1158,780,349860,309.98159519999996,0.012339354492723942,0.0003,21241
385.4,0.4438130000000001,302,1159,784,351276,310.02158479999997,0.017538487911224365,0.0003,21329
383.49,0.44140633333333334,304,1160,788,352796,309.86172037999995,0.81238853931427,0.0003,21424
378.77,0.43981666666666674,304,1160,792,353800,305.7676959,0.504472553730011,0.0003,21487
374.9,0.4373783333333332,305,1161,796,355340,305.79313734,1.2819572687149048,0.0003,21583
371.08,0.4357823333333335,306,1162,800,356348,304.27432461000006,0.044905468821525574,0.0003,21646
373.96,0.4327296666666668,308,1162,804,358276,304.16972807,1.296669840812683,0.0003,21767
375.85,0.43000633333333327,310,1160,808,359996,308.79525549,0.758046567440033,0.0003,21874
375.12,0.42758700000000005,311,1161,812,361524,311.34796675,1.011702299118042,0.0003,21970
373.28,0.42528166666666667,312,1162,816,362980,310.62891870999994,1.2721047401428223,0.0003,22061
371.74,0.4230206666666668,313,1163,820,364408,310.47317163,0.06769099086523056,0.0003,22150
373.49,0.42013899999999993,314,1164,824,366228,315.22733389,0.07840235531330109,0.0003,22264
371.9,0.4178653333333332,315,1164,828,367664,310.81504677,1.136137843132019,0.0003,22353
374.22,0.415199,316,1165,832,369348,314.06587483000004,0.11837123334407806,0.0003,22459
375.63,0.41267200000000015,318,1166,836,370944,313.3536405,0.49327683448791504,0.0003,22558
372.41,0.41052500000000014,319,1166,840,372300,315.87471565,0.5006978511810303,0.0003,22643
364.64,0.40842233333333333,320,1167,844,373628,312.67429078000004,0.014232354238629341,0.0003,22726
368.23,0.4058130000000001,323,1158,848,375276,316.02233827,0.4016924500465393,0.0003,22829
366.58,0.4032923333333335,324,1159,852,376868,312.39641,0.0720318853855133,0.0003,22929
370.75,0.40106300000000017,325,1160,856,378276,317.39384430999996,0.8340076804161072,0.0003,23017
376.76,0.39817499999999995,327,1161,860,380100,322.1337802400001,0.027098551392555237,0.0003,23131
376.81,0.39656000000000013,328,1161,864,381120,317.61636622,0.025968408212065697,0.0003,23194
373.57,0.3941850000000001,329,1162,868,382620,318.36482477000004,0.56283038854599,0.0003,23288
370.75,0.3919366666666668,330,1162,872,384040,313.77820124000004,0.017694637179374695,0.0003,23377
371.51,0.39008100000000023,331,1163,876,385212,313.43423733,0.9366320967674255,0.0003,23450
371.6,0.38771233333333344,332,1164,880,386708,313.91690928,0.8441314697265625,0.0003,23544
372.2,0.38514100000000007,333,1164,884,388332,312.42556448999994,0.5258208513259888,0.0003,23645
371.24,0.38294966666666674,334,1165,888,389716,312.84399616999997,0.01933220587670803,0.0003,23732
372.86,0.38077733333333363,335,1166,892,391088,312.53895068,0.2988051176071167,0.0003,23817
376.43,0.3778640000000002,336,1167,896,392928,315.13176886,1.0811944007873535,0.0003,23932
378.2,0.37593233333333353,337,1168,900,394148,318.9425205,0.577214241027832,0.0003,24009
374.24,0.3735700000000002,338,1168,904,395640,317.05875756999995,0.6433220505714417,0.0003,24102
372.82,0.37106833333333333,339,1169,908,397220,317.60399648,0.4517170190811157,0.0003,24201
372.11,0.3686426666666667,340,1170,912,398752,317.30483327,0.19462847709655762,0.0003,24296
371.32,0.3661283333333334,341,1171,916,400340,318.23137454999994,0.016894282773137093,0.0003,24396
368.18,0.3641333333333332,342,1171,920,401600,312.84797968999993,0.6697348356246948,0.0003,24474
366.54,0.3622143333333334,343,1172,924,402812,306.7223861,0.5174742341041565,0.0003,24550
364.73,0.35982666666666685,344,1173,928,404320,312.56962864,0.014359991997480392,0.0003,24644
362.84,0.3575719999999999,345,1173,932,405744,313.63716915000003,1.456500768661499,0.0003,24733
361.5,0.3552413333333333,346,1174,936,407216,311.88762772999996,0.5591052770614624,0.0003,24825
361.17,0.35318300000000025,347,1174,940,408516,311.86161681,1.2213430404663086,0.0003,24907
365.11,0.35099800000000014,348,1175,944,409896,316.51223977,0.5014007091522217,0.0003,24993
363.42,0.348642,349,1176,948,411384,316.65885768,2.0303428173065186,0.0003,25086
364.68,0.3463366666666666,350,1177,952,412840,320.98863429,0.040783416479825974,0.0003,25177
362.32,0.34406933333333334,351,1177,956,414272,320.09887451000003,1.2261863946914673,0.0003,25266
358.35,0.34182099999999993,352,1178,960,415692,319.83140686,0.030083375051617622,0.0003,25355
357.14,0.33957266666666663,353,1178,964,417112,325.23180290999994,0.20627915859222412,0.0003,25444
356.99,0.3373370000000002,354,1179,968,418524,324.97351339000005,0.5082648396492004,0.0003,25532
355.14,0.3352470000000003,355,1179,972,419844,325.91559165999996,1.038901686668396,0.0003,25615
357.03,0.3331253333333334,356,1180,976,421184,330.6292616,0.5836203098297119,0.0003,25698
355.83,0.33104166666666657,357,1181,980,422500,330.8071178100001,0.5778395533561707,0.0003,25781
355.62,0.32858433333333337,358,1181,984,424052,332.73242374,0.17578309774398804,0.0003,25878
356.77,0.3258926666666667,359,1182,988,425752,333.44372135,0.43993937969207764,0.0003,25984
357.5,0.32422700000000015,360,1183,992,426804,333.8966078899999,0.5433693528175354,0.0003,26050
352.46,0.3223776666666669,361,1183,996,427972,330.4443877,0.19751745462417603,0.0003,26123
352.48,0.3201419999999999,362,1184,1000,429384,328.03865776,0.5449681878089905,0.0003,26211
351.94,0.31762766666666686,363,1184,1004,430972,328.01046023000004,0.7874220013618469,0.0003,26310
356.15,0.3145496666666666,365,1185,1008,432916,327.37596565,0.0690314993262291,0.0003,26432
356.34,0.31214300000000017,366,1186,1012,434436,325.74502399,0.7174006700515747,0.0003,26527
355.68,0.3100656666666667,367,1187,1016,435748,320.06200685999994,0.13609139621257782,0.0003,26609
354.23,0.30793766666666667,368,1187,1020,437092,322.78279025,2.3008384704589844,0.0003,26693
353.1,0.3070763333333334,368,1187,1024,437636,325.91203655000004,2.225386619567871,0.0003,26727
352.55,0.30390966666666686,370,1188,1028,439636,326.18471521,0.5219756960868835,0.0003,26852
358.88,0.30110400000000004,371,1188,1032,441408,319.64686134000004,0.8786168694496155,0.0003,26962
358.76,0.2988620000000003,372,1189,1036,442824,320.73115175000004,0.762256383895874,0.0003,27051
356.2,0.2969936666666668,373,1189,1040,444004,317.90198668,0.41490277647972107,0.0003,27125
356.1,0.294663,374,1190,1044,445476,317.79319670999996,0.4638768434524536,0.0003,27217
355.68,0.2917053333333335,375,1190,1048,447344,319.53730685999994,0.5977268815040588,0.0003,27333
358.67,0.28898200000000007,376,1191,1052,449064,318.0025314399999,1.6661040782928467,0.0003,27441
361.05,0.2864866666666668,381,1181,1056,450640,318.97498418,0.42372047901153564,0.0003,27539
362.57,0.28413066666666664,382,1182,1060,452128,319.50432448,0.5657811760902405,0.0003,27632
357.75,0.28306033333333336,383,1181,1064,452804,315.56576432,1.325565218925476,0.0003,27675
360.72,0.2798556666666665,384,1182,1068,454828,315.66005802,1.360242486000061,0.0003,27801
366.23,0.2779366666666667,385,1182,1072,456040,319.4659341599999,1.390629768371582,0.0003,27877
360.28,0.276366,386,1182,1076,457032,309.20412054,0.4930972456932068,0.0003,27939
361.18,0.27385800000000005,389,1178,1080,458616,309.33749838,1.4932130575180054,0.0003,28038
360.87,0.2710143333333336,392,1173,1084,460412,307.51253808999996,0.844846785068512,0.0003,28150
361.56,0.26872166666666686,393,1172,1088,461860,306.01970045999997,0.4829651117324829,0.0003,28241
366.0,0.26571333333333347,395,1173,1092,463760,310.29187164,0.7226466536521912,0.0003,28359
369.34,0.2632686666666668,396,1173,1096,465304,312.02815921999996,1.1033613681793213,0.0003,28456
367.97,0.2615586666666666,397,1173,1100,466384,308.54858495,0.5953234434127808,0.0003,28523
368.85,0.2594116666666667,398,1174,1104,467740,301.53546960000006,0.2210978865623474,0.0003,28608
368.13,0.2569290000000001,399,1174,1108,469308,296.37412143,2.258472204208374,0.0003,28706
363.31,0.25452866666666685,400,1174,1112,470824,292.71056467,0.42490628361701965,0.0003,28801
369.75,0.25113399999999997,402,1175,1116,472968,294.09510482999997,0.4666382074356079,0.0003,28935
376.52,0.24811300000000003,403,1176,1120,474876,295.78774482,0.6434077620506287,0.0003,29054
377.36,0.24711233333333327,404,1176,1124,475508,295.05498922999993,1.4293287992477417,0.0003,29094
381.99,0.2436290000000002,405,1177,1128,477708,292.57027941,0.582632303237915,0.0003,29231
376.62,0.2411716666666669,406,1177,1132,479260,298.60199710999996,0.018617020919919014,0.0003,29328
372.12,0.23988600000000015,407,1177,1136,480072,296.64349421,1.759625792503357,0.0003,29379
378.33,0.23678899999999992,409,1178,1140,482028,299.75457728000003,0.5216360092163086,0.0003,29501
373.6,0.2354210000000001,409,1178,1144,482892,292.14107943,1.668522596359253,0.0003,29555
375.94,0.23215933333333338,411,1178,1148,484952,287.0171069400001,2.3162126541137695,0.0003,29684
369.73,0.2306330000000001,412,1179,1152,485916,281.84714148,1.054856300354004,0.0003,29744
373.15,0.22765633333333335,413,1179,1156,487796,279.616282,1.125054121017456,0.0003,29862
374.22,0.22549033333333324,414,1179,1160,489164,279.76233412,1.1997172832489014,0.0003,29947
373.17,0.2239576666666665,415,1180,1164,490132,277.39970316,0.5549964308738708,0.0003,30008
372.6,0.22171566666666664,416,1180,1168,491548,277.33735327,1.251953125,0.0003,30096
371.83,0.21909366666666663,417,1180,1172,493204,277.65878885,1.754781723022461,0.0003,30200
381.8,0.21643366666666686,419,1180,1176,494884,287.28688809,0.2692052125930786,0.0003,30305
386.91,0.21295033333333346,420,1180,1180,497084,280.55493430999996,0.1047644317150116,0.0003,30442
385.93,0.21013833333333332,422,1181,1184,498860,274.0753367,0.7732852101325989,0.0003,30553
383.02,0.20773166666666665,423,1180,1188,500380,271.66272465,0.24592605233192444,0.0003,30648
384.35,0.20577466666666677,424,1181,1192,501616,262.48424672999994,0.07788608223199844,0.0003,30725
383.76,0.20336166666666677,425,1181,1196,503140,263.91028842,0.5317524075508118,0.0003,30821
385.4,0.20023933333333344,427,1181,1200,505112,263.00444295,1.981465458869934,0.0003,30944
383.67,0.19873200000000002,428,1182,1204,506064,261.59809585000005,0.2483946532011032,0.0003,31003
384.85,0.19585033333333324,430,1179,1208,507884,265.13345126,3.0702784061431885,0.0003,31117
387.97,0.1931143333333334,434,1174,1212,509612,271.47512821,0.11358380317687988,0.0003,31225
380.64,0.19085333333333354,437,1168,1216,511040,271.99253992,1.9977021217346191,0.0003,31314
382.38,0.18804133333333328,440,1164,1220,512816,263.45922419,1.5692495107650757,0.0003,31425
390.16,0.1845580000000001,441,1165,1224,515016,258.05708113,1.564537525177002,0.0003,31563
388.1,0.18206266666666682,442,1166,1228,516592,256.42202265,0.6355206370353699,0.0003,31661
389.09,0.17928233333333343,443,1167,1232,518348,256.88986252999996,1.1875722408294678,0.0003,31771
395.11,0.17670466666666673,445,1168,1236,519976,257.68080272,1.0656839609146118,0.0003,31873
393.75,0.1741966666666669,446,1168,1240,521560,256.4856749,0.7020058035850525,0.0003,31972
396.51,0.1724676666666668,446,1169,1244,522652,261.67248525,1.1403753757476807,0.0003,32040
393.2,0.1705106666666668,447,1169,1248,523888,263.02837926000007,0.6554471254348755,0.0003,32117
399.39,0.16786966666666692,453,1160,1252,525556,271.26766378,0.6471670866012573,0.0003,32222
394.53,0.16543133333333337,454,1160,1256,527096,271.78946887,0.18613149225711823,0.0003,32318
396.32,0.1626256666666669,455,1160,1260,528868,271.73290968000003,0.43298065662384033,0.0003,32429
398.86,0.1604596666666669,456,1160,1264,530236,274.90221313999996,1.3417448997497559,0.0003,32514
392.46,0.15899033333333323,457,1160,1268,531164,269.22798851999994,1.6228910684585571,0.0003,32572
393.39,0.15608966666666668,459,1161,1272,532996,268.04125067999996,0.7895904779434204,0.0003,32687
389.8,0.1533663333333335,460,1161,1276,534716,262.97784092,0.9624736905097961,0.0003,32794
385.95,0.15148533333333336,461,1162,1280,535904,270.67257130999997,0.43905705213546753,0.0003,32868
385.74,0.14951566666666682,462,1162,1284,537148,280.4722305,0.5901326537132263,0.0003,32946
385.78,0.14739400000000014,462,1163,1288,538488,283.00058414,0.08322182297706604,0.0003,33030
382.94,0.14480366666666677,464,1163,1292,540124,292.53381429,1.702629566192627,0.0003,33132
381.73,0.14258700000000013,465,1164,1296,541524,293.76339763,0.2565443515777588,0.0003,33220
383.58,0.14027533333333353,466,1164,1300,542984,299.68995448,0.4307368993759155,0.0003,33311
386.51,0.13763433333333353,467,1165,1304,544652,311.11506253999994,0.6863945126533508,0.0003,33415
379.88,0.13548733333333352,468,1166,1308,546008,309.54075266999996,1.6227211952209473,0.0003,33500
378.17,0.13304266666666686,469,1166,1312,547552,309.64264499999996,0.04373682662844658,0.0003,33596
379.96,0.1307056666666666,470,1166,1316,549028,313.63414897999996,0.7157266736030579,0.0003,33689
375.54,0.12844466666666676,471,1167,1320,550456,323.99729542,1.8812320232391357,0.0003,33778
370.25,0.12617733333333336,472,1168,1324,551888,328.17200296000004,0.14355868101119995,0.0003,33867
371.14,0.12314366666666676,473,1168,1328,553804,331.78696152,0.04882515221834183,0.0003,33987
369.66,0.12093333333333345,474,1169,1332,555200,331.73628117,0.5667917132377625,0.0003,34074
366.11,0.1189446666666667,475,1169,1336,556456,334.7030499199999,0.5561397671699524,0.0003,34153
361.86,0.11727266666666691,476,1170,1340,557512,336.51619759999994,1.1597354412078857,0.0003,34219
362.63,0.11534100000000014,477,1170,1344,558732,339.85084132,0.5572540163993835,0.0003,34295
364.75,0.11228833333333355,478,1171,1348,560660,341.20120571000007,4.058321952819824,0.0003,34416
363.91,0.10940033333333321,479,1171,1352,562484,339.80269553000005,0.029451128095388412,0.0003,34530
367.0,0.1066896666666669,481,1172,1356,564196,330.53752236,0.7516739964485168,0.0003,34637
364.53,0.10451100000000002,482,1172,1360,565572,329.94011064,0.3726091682910919,0.0003,34723
365.83,0.10240833333333332,483,1173,1364,566900,332.71514832,1.81842041015625,0.0003,34806
370.18,0.09976099999999999,484,1174,1368,568572,337.75858307999994,0.8850345015525818,0.0003,34910
369.91,0.09749366666666659,485,1174,1372,570004,337.28482048999996,0.3548657298088074,0.0003,35000
373.12,0.0945613333333335,486,1175,1376,571856,339.90720798999996,0.052895043045282364,0.0003,35115
374.07,0.09238266666666684,487,1175,1380,573232,334.97673627000006,1.5950417518615723,0.0003,35201
374.25,0.08957066666666669,488,1176,1384,575008,333.73788612,1.6225452423095703,0.0003,35312
380.45,0.08694866666666656,489,1177,1388,576664,328.15834961,1.0589176416397095,0.0003,35416
376.4,0.08535266666666663,490,1177,1392,577672,324.8984827,0.05162239447236061,0.0003,35479
375.12,0.08340833333333342,491,1177,1396,578900,323.13276803,0.28957676887512207,0.0003,35556
370.11,0.08157800000000015,492,1178,1400,580056,325.03106853,0.0686662495136261,0.0003,35628
364.48,0.07996300000000023,493,1178,1404,581076,321.85715357,0.40001535415649414,0.0003,35692
365.35,0.07780966666666678,493,1179,1408,582436,323.9913918499999,1.945103645324707,0.0003,35777
363.29,0.07556766666666681,494,1179,1412,583852,321.9827704,0.4880673885345459,0.0003,35865
361.0,0.07361700000000027,495,1179,1416,585084,319.6506467,0.020908670499920845,0.0003,35942
359.03,0.07135600000000009,496,1180,1420,586512,320.07015366999997,2.927840232849121,0.0003,36031
360.11,0.06905700000000015,497,1180,1424,587964,323.60085245,2.1281790733337402,0.0003,36122
357.57,0.06681500000000018,498,1181,1428,589380,324.05276053,2.0494906902313232,0.0003,36211
356.82,0.06446533333333337,499,1181,1432,590864,324.06874075,0.9178129434585571,0.0003,36303
358.33,0.06167233333333355,501,1182,1436,592628,323.88989591,0.986373782157898,0.0003,36414
365.05,0.05895533333333336,502,1182,1440,594344,320.96590641,0.4041282832622528,0.0003,36521
365.59,0.057296000000000236,503,1183,1444,595392,310.2382753,1.8322484493255615,0.0003,36586
360.19,0.05502866666666684,504,1183,1448,596824,303.81987663,0.9662940502166748,0.0003,36676
355.91,0.053274333333333534,505,1183,1452,597932,294.75893613999995,0.18118628859519958,0.0003,36745
350.62,0.051786,505,1184,1456,598872,302.31167208,2.71964693069458,0.0003,36804
353.24,0.05,509,1178,1460,600488,301.1863782,0.398384690284729,0.0003,36905
356.49,0.05,510,1179,1464,602352,300.03772497,1.0808746814727783,0.0003,37021
355.02,0.05,511,1179,1468,603532,296.3831492,0.49528107047080994,0.0003,37095
355.61,0.05,512,1179,1472,604940,292.37717534,2.044985294342041,0.0003,37183
346.36,0.05,513,1179,1476,606308,284.94922715999996,1.894998550415039,0.0003,37269
342.75,0.05,515,1178,1480,607616,286.32336216,0.13870614767074585,0.0003,37350
342.07,0.05,517,1177,1484,609156,287.24752698,0.11331168562173843,0.0003,37447
337.95,0.05,518,1177,1488,610344,294.61089652999993,0.4167511761188507,0.0003,37521
340.09,0.05,519,1177,1492,611932,297.27264598,0.7924108505249023,0.0003,37620
342.64,0.05,520,1177,1496,613248,298.93184556,1.6449313163757324,0.0003,37702
348.61,0.05,522,1177,1500,614832,295.19659403,0.6581028699874878,0.0003,37801
353.5,0.05,523,1177,1504,616396,297.96865886000006,2.2304506301879883,0.0003,37899
361.2,0.05,525,1178,1508,618596,294.8616691200001,0.5991105437278748,0.0003,38037
369.25,0.05,526,1178,1512,620796,291.80199784,0.8812896013259888,0.0003,38174
372.36,0.05,527,1179,1516,621948,293.39641504,0.15336669981479645,0.0003,38246
379.21,0.05,529,1179,1520,624064,289.77594882,0.7408788800239563,0.0003,38378
377.86,0.05,530,1178,1524,625520,291.81265731,0.4620444178581238,0.0003,38469
378.89,0.05,531,1178,1528,626812,288.86924381,0.5214929580688477,0.0003,38550
382.81,0.05,533,1178,1532,628868,287.16765272,1.1146793365478516,0.0003,38679
383.05,0.05,534,1178,1536,630180,287.22164765,1.4381678104400635,0.0003,38761
379.39,0.05,535,1179,1540,631788,290.46154763999994,1.9158390760421753,0.0003,38861
378.33,0.05,536,1179,1544,633152,300.61996348,0.09533261507749557,0.0003,38946
380.15,0.05,537,1180,1548,634372,305.93562488,0.13524438440799713,0.0003,39023
382.14,0.05,538,1180,1552,635920,315.28557816999995,2.53407883644104,0.0003,39119
383.57,0.05,539,1181,1556,637808,319.06451574999994,0.9087894558906555,0.0003,39237
381.68,0.05,540,1181,1560,639176,319.82272975,0.13326026499271393,0.0003,39323
381.35,0.05,541,1182,1564,640504,320.97859314,0.6308568120002747,0.0003,39406
382.05,0.05,542,1182,1568,641656,325.17974477999996,0.45833471417427063,0.0003,39478
379.63,0.05,543,1183,1572,642976,331.19413473000003,1.945838451385498,0.0003,39560
385.9,0.05,544,1183,1576,644560,342.29861009,0.8457630276679993,0.0003,39659
385.16,0.05,545,1184,1580,645804,345.6296049900001,0.05818628519773483,0.0003,39737
387.38,0.05,546,1184,1584,647380,344.8868969300001,0.6340355277061462,0.0003,39836
388.79,0.05,547,1185,1588,649124,344.8902494,1.0917749404907227,0.0003,39945
389.8,0.05,548,1185,1592,650692,340.3930829000001,1.2340120077133179,0.0003,40043
388.37,0.05,549,1185,1596,652044,340.54080906,0.5296466946601868,0.0003,40127
383.39,0.05,551,1186,1600,653848,344.11505737,0.4982028603553772,0.0003,40240
383.97,0.05,552,1186,1604,655172,344.21369444,0.09674106538295746,0.0003,40323
379.35,0.05,552,1187,1608,656612,348.87907117,2.7538094520568848,0.0003,40413
373.04,0.05,553,1187,1612,657960,353.72928218999994,0.6560677886009216,0.0003,40497
367.62,0.05,554,1188,1616,659204,350.69516352000005,0.7697514295578003,0.0003,40575
359.28,0.05,555,1188,1620,659780,348.6540858600001,0.6188525557518005,0.0003,40611
358.25,0.05,556,1189,1624,661316,348.98760798,0.3955681622028351,0.0003,40707
355.74,0.05,557,1189,1628,662876,352.04103095,1.0295735597610474,0.0003,40804
350.36,0.05,558,1189,1632,664180,353.92004985999995,0.6971403360366821,0.0003,40886
346.42,0.05,558,1189,1636,664868,348.2779823200001,0.6993820667266846,0.0003,40929
344.02,0.05,559,1190,1640,666324,347.9952063,0.954998791217804,0.0003,41020
343.8,0.05,561,1189,1644,667588,345.13727317000007,0.04558901861310005,0.0003,41099
343.03,0.05,562,1189,1648,669100,343.78391834000007,0.6309452652931213,0.0003,41193
342.18,0.05,563,1188,1652,670180,344.31106350999994,0.9979173541069031,0.0003,41261
344.08,0.05,565,1188,1656,671908,343.92069155999997,0.1568315327167511,0.0003,41369
342.84,0.05,566,1188,1660,673148,341.29464777999993,0.2432938665151596,0.0003,41446
333.91,0.05,566,1188,1664,673616,333.94027912000007,0.16069111227989197,0.0003,41475
332.73,0.05,567,1188,1668,674876,332.93123051,0.06219214200973511,0.0003,41554
333.83,0.05,572,1182,1672,676388,327.9323466,1.3369895219802856,0.0003,41649
326.15,0.05,573,1181,1676,677276,317.41806117,1.5941331386566162,0.0003,41704
321.47,0.05,573,1181,1680,678224,308.47256276,0.47872063517570496,0.0003,41763
319.11,0.05,574,1182,1684,679572,302.88054443,0.03525695577263832,0.0003,41848
317.57,0.05,575,1182,1688,680828,303.0343631,1.7973532676696777,0.0003,41926
315.77,0.05,576,1182,1692,682292,306.05730865000004,0.07937175780534744,0.0003,42018
318.2,0.05,578,1182,1696,683864,305.56399822,0.12589135766029358,0.0003,42116
315.77,0.05,578,1183,1700,684848,299.19873226,1.4676899909973145,0.0003,42177
313.11,0.05,580,1183,1704,686372,299.41329497,1.0696390867233276,0.0003,42273
310.23,0.05,580,1183,1708,687620,300.17254724,0.052218466997146606,0.0003,42351
313.32,0.05,582,1184,1712,689820,296.68476938000003,0.7240880131721497,0.0003,42488
319.21,0.05,583,1184,1716,691344,295.61623563,1.5289514064788818,0.0003,42583
325.09,0.05,584,1184,1720,692696,299.88259441,1.1384079456329346,0.0003,42668
327.17,0.05,586,1184,1724,694376,295.59432393,0.39267945289611816,0.0003,42773
332.81,0.05,587,1185,1728,695896,289.70391467,0.1260179877281189,0.0003,42868
332.53,0.05,588,1185,1732,697180,289.72597242,2.0823755264282227,0.0003,42948
336.95,0.05,589,1185,1736,698772,294.91234094,0.04921724647283554,0.0003,43048
336.44,0.05,590,1185,1740,699956,294.65327457999996,0.024824561551213264,0.0003,43122
336.96,0.05,591,1185,1744,701160,297.19579331,1.0686603784561157,0.0003,43197
338.59,0.05,592,1185,1748,702528,300.80440688999994,1.4135613441467285,0.0003,43282
339.15,0.05,593,1185,1752,704004,299.38576299,0.15355630218982697,0.0003,43375
336.62,0.05,594,1186,1756,705440,299.28635891,0.9165937900543213,0.0003,43464
332.51,0.05,595,1186,1760,706204,298.26109651999997,1.6700489521026611,0.0003,43512
338.14,0.05,599,1180,1764,707612,305.44622807,2.3063082695007324,0.0003,43600
338.31,0.05,602,1177,1768,708888,306.69160696,0.18088354170322418,0.0003,43680
337.53,0.05,603,1176,1772,710648,310.86250232,3.012871265411377,0.0003,43790
348.13,0.05,605,1176,1776,712476,315.0019308,1.1771255731582642,0.0003,43904
355.25,0.05,606,1176,1780,713824,320.82751219,0.028479978442192078,0.0003,43988
354.24,0.05,607,1176,1784,715076,326.57880273,0.6200523972511292,0.0003,44067
349.35,0.05,608,1176,1788,715716,320.18754529,0.4423334002494812,0.0003,44107
352.41,0.05,610,1175,1792,717556,321.98904714,0.06983263790607452,0.0003,44222
348.84,0.05,611,1174,1796,718652,318.99604790999996,0.14419184625148773,0.0003,44290
350.73,0.05,613,1173,1800,720076,325.01373910999996,0.4002872109413147,0.0003,44379
353.18,0.05,616,1171,1804,721660,322.52300364,1.497711420059204,0.0003,44478
356.12,0.05,618,1168,1808,723152,318.82123662000004,1.4484426975250244,0.0003,44571
354.24,0.05,621,1166,1812,724624,321.59171344000004,1.1753013134002686,0.0003,44663
352.73,0.05,622,1166,1816,726136,326.38117335,0.40716156363487244,0.0003,44758
348.24,0.05,623,1166,1820,727284,327.66967611,1.466875433921814,0.0003,44830
345.36,0.05,624,1166,1824,728452,331.59746606999994,1.653486728668213,0.0003,44903
339.3,0.05,625,1167,1828,730012,335.08753445,1.3637844324111938,0.0003,45000
343.32,0.05,626,1167,1832,731448,334.77572127999997,0.40894263982772827,0.0003,45090
340.08,0.05,627,1167,1836,732888,335.85006807999997,1.2772202491760254,0.0003,45180
340.21,0.05,628,1167,1840,734080,336.06147003999996,0.478316992521286,0.0003,45254
341.92,0.05,629,1168,1844,735468,335.08907917,0.16707240045070648,0.0003,45341
342.62,0.05,630,1168,1848,736872,334.5134216799999,0.31027528643608093,0.0003,45429
341.84,0.05,632,1167,1852,738224,334.87015417000003,1.359883189201355,0.0003,45513
340.24,0.05,633,1167,1856,739424,332.21124145,0.6973503232002258,0.0003,45588
343.92,0.05,634,1166,1860,740928,336.58706284000004,0.43464788794517517,0.0003,45682
343.16,0.05,636,1166,1864,742156,337.6649789,1.2104856967926025,0.0003,45759
341.38,0.05,637,1166,1868,743320,332.17597109,1.0247752666473389,0.0003,45832
339.6,0.05,637,1166,1872,744220,330.22014193,1.6037284135818481,0.0003,45888
335.57,0.05,639,1166,1876,745492,335.9382903399999,0.4980420768260956,0.0003,45968
332.01,0.05,640,1166,1880,746796,335.65783254,0.029481086879968643,0.0003,46049
329.47,0.05,640,1166,1884,747940,332.34684934999996,1.1384185552597046,0.0003,46121
331.94,0.05,642,1166,1888,749168,338.64614624,1.450443148612976,0.0003,46197
329.66,0.05,646,1160,1892,750424,339.13153762999997,0.4346497356891632,0.0003,46276
329.81,0.05,648,1160,1896,751960,342.51002828000003,0.1800152212381363,0.0003,46372
329.15,0.05,649,1159,1900,753404,342.74571848,0.7939980030059814,0.0003,46462
327.75,0.05,650,1160,1904,754584,344.5400696699999,0.8213972449302673,0.0003,46536
326.57,0.05,651,1160,1908,755856,347.2834404,0.8019533157348633,0.0003,46615
325.25,0.05,652,1160,1912,757180,348.1614704400001,0.8527156710624695,0.0003,46698
324.27,0.05,654,1159,1916,758788,347.73914188000003,0.4185047447681427,0.0003,46799
328.19,0.05,655,1159,1920,760536,341.45487166000004,0.047620758414268494,0.0003,46908
326.44,0.05,656,1159,1924,761276,337.50736896,0.08356313407421112,0.0003,46954
326.91,0.05,657,1159,1928,762540,339.84203094,3.205084800720215,0.0003,47033
323.63,0.05,658,1159,1932,763784,340.16626660000003,1.1863867044448853,0.0003,47111
324.89,0.05,660,1159,1936,765116,339.60263068,2.84248685836792,0.0003,47194
320.84,0.05,661,1158,1940,766004,333.54099843000006,0.6352206468582153,0.0003,47250
319.9,0.05,663,1157,1944,767700,334.99812287000003,1.5525764226913452,0.0003,47356
319.26,0.05,664,1156,1948,768536,332.94965376000005,0.7388255000114441,0.0003,47408
322.17,0.05,667,1154,1952,770264,333.50979132,0.029602132737636566,0.0003,47516
324.89,0.05,669,1152,1956,771884,336.90431992,2.113851308822632,0.0003,47617
327.4,0.05,674,1147,1960,773676,337.27934481999995,1.1168348789215088,0.0003,47729
332.5,0.05,675,1147,1964,775876,334.08073179999997,1.3357163667678833,0.0003,47867
341.16,0.05,677,1147,1968,777608,333.44618872,2.097013473510742,0.0003,47975
344.41,0.05,678,1147,1972,778756,332.9430675699999,0.1852409988641739,0.0003,48047
349.16,0.05,680,1148,1976,780880,331.57614836,0.21719516813755035,0.0003,48179
354.34,0.05,681,1148,1980,782704,333.07903003000007,0.771574854850769,0.0003,48293
361.83,0.05,683,1148,1984,784472,335.25499832,1.0477248430252075,0.0003,48404
362.91,0.05,684,1148,1988,785624,334.97782957000004,1.1443932056427002,0.0003,48476
361.48,0.05,684,1148,1992,786908,334.45379488,0.36400794982910156,0.0003,48556
361.19,0.05,686,1148,1996,788044,334.65428303,0.5157572031021118,0.0003,48627
366.98,0.05,687,1149,2000,789872,333.88318589000005,0.7246708273887634,0.0003,48741
366.8,0.05,688,1149,2004,791340,334.82256519999993,1.5315850973129272,0.0003,48833
363.91,0.05,688,1149,2008,792040,331.06209238,0.4718290865421295,0.0003,48877
364.4,0.05,690,1149,2012,793488,331.16837296,0.07623064517974854,0.0003,48967
363.28,0.05,690,1150,2016,794684,332.39327195000004,1.0257127285003662,0.0003,49042
361.37,0.05,691,1150,2020,796140,338.69630312000004,1.795854926109314,0.0003,49133
363.3,0.05,692,1150,2024,797364,343.29334871,1.7284260988235474,0.0003,49210
363.9,0.05,694,1150,2028,798956,343.64796483000003,1.3194143772125244,0.0003,49309
366.7,0.05,695,1151,2032,801008,343.41450254000006,3.079191207885742,0.0003,49437
368.2,0.05,696,1151,2036,802148,341.1082648600001,1.0113964080810547,0.0003,49509
373.91,0.05,697,1151,2040,803452,347.0417730100001,0.3890150487422943,0.0003,49590
372.95,0.05,698,1151,2044,804844,346.57490256,0.1097540408372879,0.0003,49677
376.67,0.05,700,1152,2048,806472,348.58027579000014,2.6100077629089355,0.0003,49779
375.93,0.05,701,1152,2052,807944,348.21132533,0.04921251907944679,0.0003,49871
375.74,0.05,702,1151,2056,809208,347.44080361,0.4222356677055359,0.0003,49950
377.93,0.05,704,1151,2060,811204,344.97981402000005,0.022193847224116325,0.0003,50075
374.07,0.05,705,1151,2064,812648,348.1657362,0.49083203077316284,0.0003,50165
367.91,0.05,706,1151,2068,813968,354.32615875000005,0.030239785090088844,0.0003,50247
367.9,0.05,709,1150,2072,815604,356.8943257800001,0.562006413936615,0.0003,50350
366.53,0.05,710,1150,2076,817072,357.70936739999996,1.2861238718032837,0.0003,50441
362.6,0.05,711,1150,2080,818456,359.4434409900001,1.0995731353759766,0.0003,50528
356.7,0.05,713,1150,2084,820212,361.2340279299999,0.4487453103065491,0.0003,50638
356.99,0.05,714,1150,2088,821492,361.43005395,0.37029826641082764,0.0003,50718
357.29,0.05,715,1150,2092,822856,361.83969772000006,0.601143479347229,0.0003,50803
359.84,0.05,716,1150,2096,824132,361.6367825599999,3.213114023208618,0.0003,50883
357.45,0.05,719,1146,2100,825444,361.9414378099999,1.3392466306686401,0.0003,50965
354.29,0.05,720,1146,2104,826652,358.17606517,2.6649749279022217,0.0003,51040
354.49,0.05,722,1146,2108,827828,362.87951768,0.35496091842651367,0.0003,51114
350.85,0.05,722,1146,2112,828636,358.4967662899999,0.7174011468887329,0.0003,51164
352.96,0.05,723,1146,2116,830008,358.0281817900001,0.4860178530216217,0.0003,51250
352.23,0.05,724,1147,2120,831332,357.7459589899999,0.08718273788690567,0.0003,51333
349.34,0.05,725,1147,2124,832500,355.83411243999996,0.7835250496864319,0.0003,51406
345.68,0.05,726,1147,2128,833584,351.56491233,1.0408564805984497,0.0003,51473
339.68,0.05,727,1147,2132,834740,349.41800111000003,0.3421919047832489,0.0003,51546
337.19,0.05,727,1148,2136,835736,351.85585095999994,0.46110954880714417,0.0003,51608
338.17,0.05,728,1148,2140,837008,352.06009866999995,0.05843913182616234,0.0003,51687
337.19,0.05,730,1148,2144,838312,352.68802834999985,0.4084551930427551,0.0003,51769
332.49,0.05,731,1148,2148,839748,354.14830014,0.020467229187488556,0.0003,51859
331.1,0.05,732,1148,2152,841156,354.99399551000005,0.8800029158592224,0.0003,51947
331.9,0.05,733,1149,2156,842432,355.6959942099999,0.055732499808073044,0.0003,52026
326.04,0.05,734,1149,2160,843828,358.96611056,0.01888815499842167,0.0003,52114
323.74,0.05,735,1149,2164,845124,359.56999122,0.22956758737564087,0.0003,52195
323.6,0.05,736,1149,2168,846396,359.46878298,0.49651768803596497,0.0003,52274
320.04,0.05,737,1149,2172,847572,360.23745418999994,0.8240630030632019,0.0003,52348
316.74,0.05,737,1150,2176,848740,360.8256593500001,1.4288711547851562,0.0003,52421
316.9,0.05,738,1150,2180,850068,360.42330774999994,0.6890087127685547,0.0003,52504
319.2,0.05,739,1151,2184,851624,359.08566102000003,0.13206148147583008,0.0003,52601
318.64,0.05,740,1151,2188,852748,358.97183885000004,2.6483213901519775,0.0003,52671
317.49,0.05,741,1152,2192,854560,358.9784411300001,0.5229159593582153,0.0003,52784
316.11,0.05,742,1152,2196,855828,359.22494121999995,1.2760224342346191,0.0003,52864
314.07,0.05,743,1153,2200,857284,359.5785255,0.03427598997950554,0.0003,52955
317.31,0.05,744,1152,2204,858428,363.10867987999995,0.09710580855607986,0.0003,53026
321.0,0.05,746,1150,2208,859672,360.9210910799999,0.4913269579410553,0.0003,53104
325.32,0.05,748,1150,2212,860940,364.94035044000003,1.4369395971298218,0.0003,53183
322.8,0.05,749,1151,2216,862512,365.03164057000004,2.7619948387145996,0.0003,53281
323.1,0.05,750,1151,2220,863660,364.64084417,1.555910348892212,0.0003,53353
324.57,0.05,751,1151,2224,864860,366.67723908999994,0.41463157534599304,0.0003,53428
325.49,0.05,752,1150,2228,866212,370.92070763000004,0.7310011982917786,0.0003,53513
330.18,0.05,753,1151,2232,867908,373.33335515000005,1.9166721105575562,0.0003,53619
333.27,0.05,755,1151,2236,869300,373.58690897,0.043402619659900665,0.0003,53706
329.82,0.05,755,1151,2240,870544,371.19533315,1.339707612991333,0.0003,53783
325.86,0.05,756,1151,2244,871048,363.38463549000005,3.3629255294799805,0.0003,53815
323.21,0.05,757,1152,2248,872416,359.10818119000004,0.02075115591287613,0.0003,53900
319.05,0.05,757,1152,2252,872808,351.30423261,0.39869698882102966,0.0003,53925
318.93,0.05,758,1152,2256,874248,348.68377875000004,0.021817633882164955,0.0003,54015
319.0,0.05,759,1153,2260,875716,348.43388759000004,1.7033145427703857,0.0003,54107
314.92,0.05,760,1153,2264,876940,340.012886,0.12182727456092834,0.0003,54183
316.16,0.05,761,1153,2268,878516,340.36419440000003,0.18360689282417297,0.0003,54282
318.36,0.05,762,1154,2272,879960,339.74329898999997,0.4332849383354187,0.0003,54372
320.55,0.05,763,1154,2276,881152,339.63445765000006,1.2983170747756958,0.0003,54446
317.09,0.05,763,1154,2280,881964,336.55482778,0.03569243475794792,0.0003,54497
314.59,0.05,764,1154,2284,882884,333.9757104899999,0.017214801162481308,0.0003,54555
313.12,0.05,766,1153,2288,884264,331.8080576999999,0.49575093388557434,0.0003,54641
314.05,0.05,768,1152,2292,885484,331.88368515,1.193166971206665,0.0003,54717
313.7,0.05,770,1151,2296,886892,329.61474382000006,0.07394176721572876,0.0003,54805
317.61,0.05,772,1150,2300,888744,327.32408692999996,1.509058952331543,0.0003,54921
315.77,0.05,773,1150,2304,889876,321.00239175999997,0.699025571346283,0.0003,54992
311.04,0.05,774,1150,2308,890884,319.43550799999997,0.11272451281547546,0.0003,55055
310.52,0.05,775,1150,2312,892016,319.66313366,1.630161166191101,0.0003,55125
312.04,0.05,778,1147,2316,893568,319.4420296800001,1.3460357189178467,0.0003,55222
311.65,0.05,779,1147,2320,894812,320.25773264,0.682807207107544,0.0003,55300
312.78,0.05,781,1147,2324,896696,320.16994035,0.8295713663101196,0.0003,55418
309.84,0.05,781,1147,2328,896836,311.68085909,0.4665091335773468,0.0003,55427
302.93,0.05,782,1147,2332,897944,304.92384928,2.471944808959961,0.0003,55496
298.95,0.05,783,1147,2336,899176,305.41891023,1.0883803367614746,0.0003,55573
296.63,0.05,788,1141,2340,900368,301.62050746,0.91439288854599,0.0003,55647
301.92,0.05,789,1141,2344,901552,309.71537859000006,0.043865762650966644,0.0003,55721
303.51,0.05,791,1141,2348,902596,310.42457842,0.8665149211883545,0.0003,55787
307.53,0.05,792,1140,2352,903772,318.19642677,0.9251813888549805,0.0003,55860
305.61,0.05,793,1139,2356,904944,320.69159381,0.04397309571504593,0.0003,55933
305.47,0.05,794,1139,2360,906044,320.77952595000005,2.136908769607544,0.0003,56002
310.52,0.05,796,1139,2364,907428,328.54685657000005,1.1425869464874268,0.0003,56089
308.79,0.05,797,1139,2368,908584,328.30242556999997,2.059709072113037,0.0003,56161
306.98,0.05,798,1139,2372,909888,328.75121257,0.05425865203142166,0.0003,56242
307.36,0.05,799,1139,2376,911524,328.09559102,0.21139195561408997,0.0003,56345
309.5,0.05,800,1140,2380,912612,331.20160963,0.39367207884788513,0.0003,56413
310.77,0.05,801,1140,2384,914068,334.03184863999996,1.573976755142212,0.0003,56504
311.45,0.05,802,1140,2388,915376,336.16964663,0.11571885645389557,0.0003,56585
312.72,0.05,803,1140,2392,916644,335.10119020999997,0.02454567886888981,0.0003,56665
311.65,0.05,804,1140,2396,917732,337.12111768,0.026175623759627342,0.0003,56733
306.27,0.05,805,1140,2400,918940,339.23750570000004,4.181848526000977,0.0003,56808
305.99,0.05,807,1140,2404,920712,345.46752054999996,1.0236386060714722,0.0003,56919
309.25,0.05,808,1140,2408,921800,348.37528361000005,0.5159406661987305,0.0003,56987
306.94,0.05,809,1140,2412,923220,348.7624236300001,3.891781806945801,0.0003,57076
305.61,0.05,810,1140,2416,924404,349.25218106,1.7249385118484497,0.0003,57150
302.56,0.05,811,1140,2420,925288,345.8892047400001,0.4323590099811554,0.0003,57205
301.14,0.05,812,1140,2424,926336,346.35894723000007,1.3475760221481323,0.0003,57270
305.31,0.05,813,1140,2428,927432,355.06414324,0.033178143203258514,0.0003,57339
309.17,0.05,814,1140,2432,928836,359.9007167799999,0.8234677314758301,0.0003,57427
308.62,0.05,815,1140,2436,930076,354.96677854,0.7510116696357727,0.0003,57504
311.0,0.05,816,1140,2440,931140,359.31889771000004,0.040554966777563095,0.0003,57571
311.19,0.05,817,1140,2444,932528,358.97361958000016,0.03905987739562988,0.0003,57657
311.66,0.05,818,1140,2448,933664,362.66730324,0.4817866384983063,0.0003,57728
312.88,0.05,819,1140,2452,935372,362.46713657999993,0.7266420125961304,0.0003,57835
314.24,0.05,820,1140,2456,936560,357.68598826,0.1046140044927597,0.0003,57909
313.85,0.05,821,1141,2460,937968,355.0475622,0.04888821765780449,0.0003,57997
316.35,0.05,822,1141,2464,939240,354.59995365999987,1.6179141998291016,0.0003,58077
315.86,0.05,823,1141,2468,940452,351.49188944,0.04439759626984596,0.0003,58153
316.93,0.05,824,1141,2472,941884,351.5124103999999,1.4304873943328857,0.0003,58242
315.37,0.05,825,1142,2476,943316,349.20905741999997,1.6417948007583618,0.0003,58332
312.61,0.05,826,1142,2480,943992,340.3416136099999,1.609645128250122,0.0003,58374
312.29,0.05,827,1141,2484,945240,342.54201551000006,1.4521148204803467,0.0003,58452
311.63,0.05,829,1141,2488,946920,341.04802841000003,2.6960747241973877,0.0003,58557
312.31,0.05,830,1142,2492,948056,339.50007810999995,1.3361778259277344,0.0003,58628
311.23,0.05,830,1142,2496,948992,334.79606506999994,0.6730581521987915,0.0003,58686
312.44,0.05,831,1142,2500,950268,335.58596552999995,0.5017209053039551,0.0003,58766
312.77,0.05,832,1142,2504,951428,335.94936295,0.49456068873405457,0.0003,58839
311.69,0.05,833,1142,2508,952812,336.77343564999995,0.029333829879760742,0.0003,58925
311.56,0.05,834,1143,2512,954032,336.6587455399999,2.0114357471466064,0.0003,59001
310.89,0.05,835,1143,2516,955100,336.4742987099999,0.03986987844109535,0.0003,59068
313.3,0.05,835,1143,2520,956368,339.77831133,1.3052772283554077,0.0003,59147
314.62,0.05,836,1144,2524,957840,339.22637789,1.155717372894287,0.0003,59239
314.25,0.05,837,1144,2528,958976,334.73027694000007,1.219972014427185,0.0003,59310
312.05,0.05,838,1145,2532,959652,333.05648669000004,0.3970983624458313,0.0003,59353
315.49,0.05,839,1145,2536,961412,337.27626058000004,2.9058175086975098,0.0003,59463
315.76,0.05,840,1145,2540,962572,339.75166640000003,1.70047926902771,0.0003,59535
315.74,0.05,840,1146,2544,963796,339.84376918999993,0.3967238962650299,0.0003,59612
316.68,0.05,841,1146,2548,965092,339.80045531,0.7864649295806885,0.0003,59693
315.9,0.05,842,1147,2552,966632,340.07131776,0.3606376051902771,0.0003,59789
313.89,0.05,843,1147,2556,967880,345.30843498,0.1145697683095932,0.0003,59867
316.38,0.05,844,1147,2560,968960,347.6174304,2.183504819869995,0.0003,59934
314.07,0.05,845,1148,2564,970408,348.2822892000001,1.112696886062622,0.0003,60025
315.46,0.05,846,1148,2568,971976,348.85741989999997,0.46598541736602783,0.0003,60123
310.18,0.05,846,1149,2572,972840,346.00874014,0.4409606158733368,0.0003,60177
310.24,0.05,847,1149,2576,974252,349.2167548400001,0.6183005571365356,0.0003,60265
314.6,0.05,850,1146,2580,975412,358.45138249,0.827298104763031,0.0003,60338
314.15,0.05,851,1146,2584,976540,357.54626241000005,0.05231291055679321,0.0003,60408
315.4,0.05,852,1146,2588,977876,359.63290206,1.745355248451233,0.0003,60492
310.34,0.05,853,1147,2592,979200,358.63798011000006,0.42569804191589355,0.0003,60574
312.38,0.05,854,1147,2596,980280,363.45667845,1.192515254020691,0.0003,60642
312.25,0.05,855,1147,2600,981584,363.03822556000006,1.3656041622161865,0.0003,60723
312.69,0.05,856,1147,2604,982704,363.30024677999995,0.4993476867675781,0.0003,60793
312.65,0.05,857,1147,2608,984104,363.04460617000007,0.01562819443643093,0.0003,60881
314.46,0.05,858,1148,2612,985560,362.8372815,0.06187284737825394,0.0003,60972
315.76,0.05,859,1148,2616,986696,361.03837368999984,0.7490738034248352,0.0003,61043
315.55,0.05,860,1148,2620,988200,361.15447803999996,0.03618226200342178,0.0003,61137
315.02,0.05,861,1148,2624,989272,361.49960931999993,1.299368143081665,0.0003,61204
317.1,0.05,862,1149,2628,990636,363.5227897099999,1.6308090686798096,0.0003,61289
320.25,0.05,863,1149,2632,991896,367.63964397999996,0.47166305780410767,0.0003,61368
316.84,0.05,863,1149,2636,993104,365.86092183,2.229778528213501,0.0003,61443
318.21,0.05,864,1149,2640,994304,365.92777557,0.7609218955039978,0.0003,61518
316.94,0.05,865,1150,2644,995564,366.34583787,0.48099181056022644,0.0003,61597
318.35,0.05,866,1150,2648,996852,366.35960020000005,2.5187840461730957,0.0003,61678
313.98,0.05,867,1151,2652,998084,362.30111753999995,0.3845316469669342,0.0003,61755
314.01,0.05,867,1151,2656,999292,358.72307932999996,0.86480712890625,0.0003,61830
311.41,0.05,868,1151,2660,1000368,358.6833108800001,1.3144010305404663,0.0003,61897
311.15,0.05,869,1152,2664,1001764,359.10432286,0.03225483000278473,0.0003,61985
309.83,0.05,870,1152,2668,1002948,362.54493673999997,0.8457671999931335,0.0003,62059
312.1,0.05,870,1152,2672,1004104,365.6140380500001,1.6875181198120117,0.0003,62131
312.52,0.05,871,1153,2676,1005408,365.17618067,2.216269016265869,0.0003,62212
312.23,0.05,872,1153,2680,1006668,364.79119572,0.815542459487915,0.0003,62291
311.88,0.05,873,1153,2684,1007848,364.37892060999997,2.9484000205993652,0.0003,62365
311.93,0.05,874,1154,2688,1009024,363.52064805000003,1.326789140701294,0.0003,62438
315.19,0.05,875,1154,2692,1010668,367.11921105,2.399461269378662,0.0003,62541
314.54,0.05,876,1155,2696,1011988,366.69598843,0.020432522520422935,0.0003,62624
313.88,0.05,876,1155,2700,1013288,363.55946086999995,0.4745274782180786,0.0003,62705
314.83,0.05,877,1155,2704,1014772,360.98012133999987,0.02963956817984581,0.0003,62798
311.58,0.05,878,1156,2708,1015780,357.13082976000004,0.8012374043464661,0.0003,62861
312.77,0.05,879,1156,2712,1017100,355.28203211000005,1.3546433448791504,0.0003,62943
314.23,0.05,880,1156,2716,1018604,356.9465759499999,0.02799789234995842,0.0003,63037
316.21,0.05,882,1156,2720,1019876,355.96913815000005,0.7065154314041138,0.0003,63117
316.48,0.05,883,1156,2724,1021104,355.80232768,2.8638710975646973,0.0003,63193
316.28,0.05,884,1156,2728,1022400,358.24725686000005,1.1571491956710815,0.0003,63274
317.51,0.05,886,1154,2732,1024000,358.07345232000006,0.5622677803039551,0.0003,63374
319.8,0.05,888,1153,2736,1025160,360.05617237999996,1.317790150642395,0.0003,63447
322.03,0.05,889,1153,2740,1026512,359.19395034,0.4975549280643463,0.0003,63531
322.08,0.05,891,1152,2744,1027708,358.7143881600001,0.046598657965660095,0.0003,63606
320.07,0.05,894,1151,2748,1029128,355.84972218,0.01937839575111866,0.0003,63695
323.39,0.05,895,1151,2752,1030520,359.7843982,0.03771393001079559,0.0003,63782
323.14,0.05,895,1151,2756,1031660,363.10207675,2.492621898651123,0.0003,63853
324.31,0.05,897,1151,2760,1033228,362.8400571800001,0.0392800010740757,0.0003,63951
324.68,0.05,898,1151,2764,1034472,362.35964248999994,1.7176928520202637,0.0003,64029
325.84,0.05,899,1151,2768,1035792,361.5439004899999,0.0628722533583641,0.0003,64111
325.02,0.05,899,1152,2772,1036888,362.0644057100001,0.022297821938991547,0.0003,64180
324.52,0.05,900,1152,2776,1037976,362.23815297999994,0.8376691937446594,0.0003,64248
323.09,0.05,901,1152,2780,1039044,362.65201882,0.44420042634010315,0.0003,64315
325.8,0.05,902,1152,2784,1040516,361.38210828999996,0.8184006214141846,0.0003,64407
326.34,0.05,903,1152,2788,1041756,354.45667915000007,1.641586422920227,0.0003,64484
326.06,0.05,904,1153,2792,1042992,353.40001927,0.3700786530971527,0.0003,64561
327.07,0.05,905,1153,2796,1044280,352.93642754,2.04081130027771,0.0003,64642
328.24,0.05,906,1153,2800,1045884,355.48242790000006,1.2499171495437622,0.0003,64742
328.15,0.05,907,1153,2804,1047296,357.06635909,2.047755241394043,0.0003,64830
331.28,0.05,908,1154,2808,1048720,360.78332621999994,1.3472012281417847,0.0003,64919
330.83,0.05,912,1151,2812,1050272,362.29900826000005,1.276667833328247,0.0003,65016
331.15,0.05,913,1151,2816,1051616,362.30816945,1.9084745645523071,0.0003,65100
329.83,0.05,914,1151,2820,1052728,357.97428681,1.2263338565826416,0.0003,65170
327.1,0.05,914,1151,2824,1053520,351.70292374,0.4313203692436218,0.0003,65219
325.66,0.05,915,1151,2828,1054772,351.82937102999995,2.113032102584839,0.0003,65298
324.71,0.05,917,1151,2832,1056568,349.25990715000006,0.38075318932533264,0.0003,65410
323.69,0.05,917,1151,2836,1057316,343.55201994000004,1.657265543937683,0.0003,65457
320.61,0.05,919,1152,2840,1058720,344.33352894999996,2.485452175140381,0.0003,65544
320.57,0.05,919,1152,2844,1059896,344.31259796,0.015909463167190552,0.0003,65618
320.58,0.05,920,1152,2848,1061108,343.7473721,0.4406566917896271,0.0003,65694
319.34,0.05,921,1152,2852,1062452,340.9922700900001,0.8055291175842285,0.0003,65778
320.01,0.05,922,1152,2856,1063624,341.43865921,0.9100221991539001,0.0003,65851
318.4,0.05,923,1152,2860,1064860,339.00277974,1.7349849939346313,0.0003,65928
318.23,0.05,924,1153,2864,1066144,339.55114686,0.015570586547255516,0.0003,66008
315.86,0.05,925,1153,2868,1067164,337.35305819,0.36450788378715515,0.0003,66072
311.89,0.05,925,1153,2872,1067780,329.91930224000004,0.36733466386795044,0.0003,66111
311.75,0.05,926,1153,2876,1069020,327.85566756000003,0.42191609740257263,0.0003,66188
309.8,0.05,927,1153,2880,1070204,323.67000378,1.658674716949463,0.0003,66262
307.65,0.05,928,1154,2884,1071504,322.09234223,0.4636026918888092,0.0003,66343
305.11,0.05,929,1154,2888,1072640,324.36499154,2.504408121109009,0.0003,66414
300.99,0.05,929,1154,2892,1072956,318.39518316,1.267595887184143,0.0003,66434
300.28,0.05,930,1154,2896,1074596,319.29578437000004,0.04578588902950287,0.0003,66537
299.34,0.05,931,1155,2900,1075964,319.59011163,0.015714243054389954,0.0003,66622
295.52,0.05,931,1155,2904,1076572,316.08467389000003,0.3983969986438751,0.0003,66660
292.44,0.05,932,1155,2908,1077716,312.26171543,2.1307849884033203,0.0003,66732
295.52,0.05,933,1156,2912,1079368,310.04670572,0.0150283332914114,0.0003,66835
293.47,0.05,934,1156,2916,1080600,310.09990739999995,0.016676142811775208,0.0003,66912
290.7,0.05,935,1156,2920,1081732,312.64506126000003,0.5188801288604736,0.0003,66983
288.52,0.05,935,1157,2924,1082844,312.25804475,0.041892558336257935,0.0003,67052
286.84,0.05,936,1157,2928,1083688,309.10740853,1.6352624893188477,0.0003,67105
283.25,0.05,936,1157,2932,1084216,308.33719089,0.43676304817199707,0.0003,67138
281.66,0.05,937,1157,2936,1085616,311.21678899,0.7623435258865356,0.0003,67225
282.65,0.05,938,1158,2940,1086836,310.65152651,0.0340900719165802,0.0003,67302
284.07,0.05,939,1158,2944,1088416,310.56461543,1.547956943511963,0.0003,67400
279.06,0.05,939,1158,2948,1089060,305.96148718,0.10965685546398163,0.0003,67441
277.25,0.05,940,1158,2952,1089888,302.78543908,0.07779619842767715,0.0003,67492
274.53,0.05,941,1159,2956,1091168,298.10076256,0.3496214747428894,0.0003,67572
276.02,0.05,942,1159,2960,1092320,299.11933006000004,0.381192147731781,0.0003,67644
272.48,0.05,942,1159,2964,1093152,294.88093718,0.05840607360005379,0.0003,67696
271.35,0.05,943,1159,2968,1094400,293.50354470999997,1.196103572845459,0.0003,67774
277.67,0.05,944,1160,2972,1095628,298.11362046,1.9259331226348877,0.0003,67851
279.76,0.05,945,1160,2976,1096988,294.16101805,0.3882938325405121,0.0003,67936
283.56,0.05,946,1160,2980,1098496,298.13158166000005,1.180155873298645,0.0003,68030
284.68,0.05,947,1160,2984,1100184,300.96538125999996,0.4029621183872223,0.0003,68136
288.18,0.05,949,1160,2988,1101620,305.94097059,3.5111987590789795,0.0003,68226
294.88,0.05,950,1160,2992,1102980,308.34325472,0.3649504780769348,0.0003,68311
299.54,0.05,952,1160,2996,1104952,305.23958792999997,0.030104398727416992,0.0003,68434
302.75,0.05,953,1160,3000,1106232,305.20000712,0.7153302431106567,0.0003,68514
305.36,0.05,955,1159,3004,1107348,308.79339257,0.39827167987823486,0.0003,68584
310.98,0.05,957,1157,3008,1109020,311.31017647,0.037955157458782196,0.0003,68688
309.89,0.05,960,1156,3012,1110444,309.96045818,1.1616235971450806,0.0003,68777
312.8,0.05,961,1156,3016,1112208,308.61871625,2.041175365447998,0.0003,68887
316.07,0.05,962,1156,3020,1113536,311.22730311,2.9339869022369385,0.0003,68970
322.57,0.05,963,1156,3024,1114932,317.09560034000003,1.2642747163772583,0.0003,69058
324.62,0.05,964,1156,3028,1116116,318.91310294999994,0.024878593161702156,0.0003,69132
327.02,0.05,965,1157,3032,1117268,321.90891748999996,0.03295223414897919,0.0003,69204
327.94,0.05,966,1157,3036,1118364,324.54206509000005,0.39557066559791565,0.0003,69272
326.56,0.05,967,1157,3040,1119656,323.97626712000005,0.41082656383514404,0.0003,69353
325.54,0.05,968,1157,3044,1120724,322.99556104,1.627303957939148,0.0003,69420
332.56,0.05,969,1157,3048,1122180,329.79165792,0.7821686267852783,0.0003,69511
334.2,0.05,970,1158,3052,1123340,335.6270086999999,0.07986590266227722,0.0003,69583
336.35,0.05,970,1158,3056,1124544,339.1648672399999,0.06132040172815323,0.0003,69658
333.45,0.05,974,1155,3060,1125612,340.36255635999987,0.43339502811431885,0.0003,69725
336.8,0.05,975,1155,3064,1126780,342.9279580499999,0.8048754930496216,0.0003,69798
340.49,0.05,976,1154,3068,1128168,345.90421301999993,0.3932378888130188,0.0003,69885
340.0,0.05,978,1154,3072,1129752,347.51724088000003,0.785943865776062,0.0003,69984
339.18,0.05,979,1154,3076,1130972,352.26066634999995,0.1952536255121231,0.0003,70060
339.68,0.05,980,1155,3080,1132568,351.10067891,1.3338432312011719,0.0003,70160
339.36,0.05,981,1155,3084,1133904,350.20870907999995,1.2869490385055542,0.0003,70243
337.78,0.05,982,1155,3088,1135144,349.59907592,1.5916073322296143,0.0003,70321
335.54,0.05,983,1155,3092,1136328,353.52405777,2.089425802230835,0.0003,70395
330.59,0.05,984,1154,3096,1137560,356.3402691399999,0.7329281568527222,0.0003,70472
327.55,0.05,986,1155,3100,1138940,356.47350967000006,0.7990943193435669,0.0003,70558
330.29,0.05,987,1155,3104,1140408,356.89425651,0.41220787167549133,0.0003,70650
329.63,0.05,988,1155,3108,1141736,358.49890195000006,2.0805320739746094,0.0003,70733
326.36,0.05,989,1155,3112,1143092,360.12039098,0.0433870404958725,0.0003,70818
324.99,0.05,990,1155,3116,1144536,357.8714160999999,0.41782018542289734,0.0003,70908
323.75,0.05,991,1155,3120,1145908,358.24166622000007,0.445674866437912,0.0003,70994
321.8,0.05,992,1155,3124,1146980,358.96182943,1.7376878261566162,0.0003,71061
321.14,0.05,994,1155,3128,1148436,360.2339545399999,0.038549598306417465,0.0003,71152
321.38,0.05,995,1155,3132,1149612,361.0330473699999,0.39760950207710266,0.0003,71225
322.94,0.05,996,1155,3136,1150864,361.12210558,0.13315808773040771,0.0003,71303
324.75,0.05,997,1154,3140,1152036,361.86307375,0.7728509902954102,0.0003,71377
324.13,0.05,998,1155,3144,1153620,362.87107847000004,0.05636647716164589,0.0003,71476
322.76,0.05,999,1155,3148,1154520,360.51798433999994,2.835574150085449,0.0003,71532
323.9,0.05,1000,1155,3152,1156192,357.22555336,2.8271327018737793,0.0003,71636
327.4,0.05,1001,1155,3156,1157580,357.60359354,1.185238003730774,0.0003,71723
326.51,0.05,1002,1155,3160,1158564,352.6112637,1.1818327903747559,0.0003,71785
327.69,0.05,1003,1155,3164,1159760,350.65487383999994,2.4985687732696533,0.0003,71859
322.11,0.05,1004,1155,3168,1160228,343.68963224,0.4353548586368561,0.0003,71889
319.68,0.05,1005,1155,3172,1161420,345.27621551,1.2967265844345093,0.0003,71963
316.68,0.05,1006,1155,3176,1163208,339.96837233000014,2.5148837566375732,0.0003,72075
317.11,0.05,1007,1155,3180,1164396,340.97594743,1.6574888229370117,0.0003,72149
315.01,0.05,1008,1155,3184,1165380,338.89623716999995,2.0578742027282715,0.0003,72211
313.16,0.05,1009,1155,3188,1166392,337.68482952000005,0.02776811644434929,0.0003,72274
307.64,0.05,1009,1155,3192,1166828,331.83247013,1.120617151260376,0.0003,72301
308.5,0.05,1010,1155,3196,1168220,332.23159669,0.378814160823822,0.0003,72388
307.78,0.05,1011,1156,3200,1169588,329.30384103999995,0.8386310935020447,0.0003,72474
304.75,0.05,1012,1156,3204,1170752,329.77292329999995,0.4637084901332855,0.0003,72546
302.13,0.05,1013,1156,3208,1171896,329.68500586999994,0.6986643075942993,0.0003,72618
297.86,0.05,1013,1156,3212,1172820,327.93024096,2.3860247135162354,0.0003,72676
295.56,0.05,1014,1156,3216,1173968,331.79576485000007,1.5643113851547241,0.0003,72747
293.73,0.05,1015,1157,3220,1175044,331.7369669,1.486904501914978,0.0003,72815
297.25,0.05,1016,1157,3224,1176808,331.31354125999997,0.36742791533470154,0.0003,72925
295.22,0.05,1017,1157,3228,1177580,326.78201375,0.05852997303009033,0.0003,72973
293.99,0.05,1018,1157,3232,1178764,321.78916697,0.03829716891050339,0.0003,73047
292.33,0.05,1019,1157,3236,1179900,322.00740401,0.803065836429596,0.0003,73118
290.34,0.05,1020,1158,3240,1181444,322.30579399000004,0.07250642031431198,0.0003,73215
292.16,0.05,1021,1158,3244,1183104,322.02161823,1.9722923040390015,0.0003,73318
295.93,0.05,1022,1158,3248,1184424,321.20849075999996,0.05126526579260826,0.0003,73401
295.57,0.05,1023,1158,3252,1185488,321.96416347999997,1.897090196609497,0.0003,73467
295.1,0.05,1024,1158,3256,1186992,319.7334363299999,2.578244686126709,0.0003,73561
298.4,0.05,1025,1159,3260,1188588,322.53293619,0.888940691947937,0.0003,73661
300.66,0.05,1026,1159,3264,1189856,323.25547172,1.204605221748352,0.0003,73740
306.03,0.05,1027,1159,3268,1191160,330.69988146000003,0.7926207780838013,0.0003,73822
309.19,0.05,1027,1159,3272,1192244,329.69952319,1.625281810760498,0.0003,73890
311.36,0.05,1028,1160,3276,1193544,333.0282005199999,1.3111155033111572,0.0003,73971
310.42,0.05,1030,1160,3280,1195032,326.06475312000003,0.031428493559360504,0.0003,74064
314.3,0.05,1031,1160,3284,1196928,324.79882504,2.4575109481811523,0.0003,74182
317.69,0.05,1032,1160,3288,1198360,326.43739585,1.480600357055664,0.0003,74272
324.92,0.05,1033,1160,3292,1199764,332.78220411999996,0.4344501197338104,0.0003,74360
323.97,0.05,1037,1157,3296,1200924,332.24966142000005,2.4366652965545654,0.0003,74432
327.13,0.05,1038,1157,3300,1202184,328.86660299000005,1.2737246751785278,0.0003,74511
324.69,0.05,1039,1157,3304,1203400,324.42285923,0.7493665218353271,0.0003,74587
325.8,0.05,1040,1157,3308,1204560,324.33246562999994,0.34916919469833374,0.0003,74659
327.72,0.05,1041,1157,3312,1205848,323.98860855000004,0.019485246390104294,0.0003,74740
328.54,0.05,1043,1157,3316,1207204,323.63049257999995,0.44054144620895386,0.0003,74825
331.3,0.05,1044,1157,3320,1208444,323.0733422199999,1.2593613862991333,0.0003,74902
329.03,0.05,1045,1157,3324,1209884,322.80385499,0.020537685602903366,0.0003,74992
332.77,0.05,1046,1157,3328,1211044,327.01273411,2.3227624893188477,0.0003,75065
333.71,0.05,1047,1157,3332,1212420,331.56326714999994,0.7434989809989929,0.0003,75151
335.58,0.05,1048,1157,3336,1213516,330.79112743999997,1.9133895635604858,0.0003,75219
336.49,0.05,1049,1158,3340,1214916,330.43324240999993,1.4875800609588623,0.0003,75307
336.41,0.05,1050,1158,3344,1216520,330.24289935,0.8249419927597046,0.0003,75407
332.97,0.05,1050,1158,3348,1217556,331.97718845,1.3218647241592407,0.0003,75472
333.53,0.05,1051,1158,3352,1218764,334.92895495,0.4216584265232086,0.0003,75547
329.18,0.05,1052,1158,3356,1219892,334.58900364,1.6868747472763062,0.0003,75618
328.65,0.05,1053,1159,3360,1221048,336.75513544,0.03870345652103424,0.0003,75690
325.8,0.05,1054,1159,3364,1222152,338.57602833,0.39183175563812256,0.0003,75759
326.89,0.05,1055,1159,3368,1223476,338.72792905,0.4298078417778015,0.0003,75842
324.4,0.05,1056,1159,3372,1224632,338.63232782,0.046598099172115326,0.0003,75914
324.87,0.05,1057,1159,3376,1226420,342.30625052000005,0.39197325706481934,0.0003,76026
325.3,0.05,1058,1159,3380,1227572,349.78380399,0.7455906271934509,0.0003,76098
323.4,0.05,1059,1159,3384,1228728,354.41372870999993,1.6386544704437256,0.0003,76170
321.22,0.05,1060,1159,3388,1230048,355.2280827599999,0.41038745641708374,0.0003,76252
318.94,0.05,1061,1159,3392,1231356,355.46016814999996,2.3350226879119873,0.0003,76334
317.82,0.05,1062,1159,3396,1232924,355.97795401999997,1.263403058052063,0.0003,76432
317.29,0.05,1063,1159,3400,1234160,359.32744658999997,3.534421920776367,0.0003,76509
320.57,0.05,1065,1159,3404,1235332,363.31744331000004,0.5072811841964722,0.0003,76583
320.54,0.05,1066,1159,3408,1237028,363.1944712500001,0.3541164696216583,0.0003,76689
324.3,0.05,1067,1159,3412,1238188,365.62485468,0.044126901775598526,0.0003,76761
325.24,0.05,1068,1159,3416,1239564,365.55142536,1.1544902324676514,0.0003,76847
325.4,0.05,1069,1159,3420,1241004,365.71075820999994,0.35884302854537964,0.0003,76937
325.23,0.05,1071,1160,3424,1242496,366.26723239,1.1848089694976807,0.0003,77030
327.84,0.05,1072,1160,3428,1243664,360.69141295000003,1.6154769659042358,0.0003,77103
328.28,0.05,1073,1160,3432,1245032,360.64578588000006,0.39390265941619873,0.0003,77189
328.7,0.05,1074,1160,3436,1246480,361.10630705999995,0.45041167736053467,0.0003,77279
328.36,0.05,1075,1160,3440,1247740,361.36095759000006,2.499514579772949,0.0003,77358
328.8,0.05,1076,1160,3444,1249176,362.02215779,1.1058425903320312,0.0003,77448
330.44,0.05,1077,1160,3448,1250328,364.26739208,0.7821329832077026,0.0003,77520
326.77,0.05,1078,1160,3452,1251580,358.49050524000006,0.7922091484069824,0.0003,77598
327.6,0.05,1079,1160,3456,1252688,361.7862526,0.44293883442878723,0.0003,77667
327.91,0.05,1080,1160,3460,1253968,362.7618464900001,0.02412048727273941,0.0003,77747
327.21,0.05,1081,1161,3464,1255236,363.68646434999994,0.040090806782245636,0.0003,77827
324.28,0.05,1081,1161,3468,1256132,361.23316006999994,0.8206374049186707,0.0003,77883
327.98,0.05,1083,1161,3472,1257752,360.74901385,1.115919589996338,0.0003,77984
329.56,0.05,1084,1161,3476,1258980,359.8981888300001,1.6351823806762695,0.0003,78061
329.18,0.05,1085,1161,3480,1260324,359.28824764999996,0.40662720799446106,0.0003,78145
332.18,0.05,1086,1161,3484,1262484,356.09079771999996,1.6952632665634155,0.0003,78280
334.65,0.05,1088,1161,3488,1264368,353.1825623000001,0.8261280059814453,0.0003,78397
337.55,0.05,1089,1161,3492,1265424,352.31328178,1.2301850318908691,0.0003,78463
340.88,0.05,1090,1161,3496,1266704,351.8841604400001,1.123115062713623,0.0003,78543
340.47,0.05,1091,1161,3500,1267912,354.41285384,1.6351673603057861,0.0003,78619
340.96,0.05,1092,1162,3504,1269120,354.34331678,0.04611387848854065,0.0003,78694
342.37,0.05,1093,1162,3508,1270920,354.00380313,0.020165085792541504,0.0003,78807
340.8,0.05,1094,1162,3512,1272280,355.75056957,1.5677766799926758,0.0003,78892
339.4,0.05,1095,1162,3516,1273452,355.69809029,2.4628190994262695,0.0003,78965
339.28,0.05,1099,1159,3520,1275264,355.6223119499999,0.04109310731291771,0.0003,79078
339.99,0.05,1100,1159,3524,1276364,355.25339915999996,0.08007080852985382,0.0003,79147
335.88,0.05,1101,1159,3528,1277556,361.3761675,1.1837525367736816,0.0003,79222
337.27,0.05,1102,1160,3532,1278760,361.4385997,0.7733685970306396,0.0003,79297
334.75,0.05,1103,1160,3536,1279796,358.65337523,0.41978123784065247,0.0003,79362
334.93,0.05,1104,1160,3540,1280964,358.6490788400001,1.5865998268127441,0.0003,79435
334.11,0.05,1105,1160,3544,1282404,358.6059373400001,2.5100018978118896,0.0003,79525
332.15,0.05,1106,1160,3548,1283684,358.97136469000003,1.5756862163543701,0.0003,79605
335.94,0.05,1107,1160,3552,1285024,364.7814276399999,1.234582781791687,0.0003,79688
338.27,0.05,1108,1160,3556,1286660,364.62938319000006,1.3504853248596191,0.0003,79791
340.34,0.05,1109,1160,3560,1288276,360.66485779000004,0.35918083786964417,0.0003,79892
338.66,0.05,1110,1160,3564,1288932,356.08675719999997,1.4374092817306519,0.0003,79933
340.54,0.05,1111,1160,3568,1290416,358.7910588,0.0469750314950943,0.0003,80025
338.32,0.05,1112,1160,3572,1291732,358.81967980999985,0.3841485381126404,0.0003,80108
336.76,0.05,1114,1160,3576,1293240,358.17881155000003,0.3947681188583374,0.0003,80202
335.78,0.05,1115,1160,3580,1294452,357.6232585199999,1.5962293148040771,0.0003,80278
333.69,0.05,1115,1160,3584,1295564,359.84232468000005,0.43909984827041626,0.0003,80347
329.89,0.05,1116,1160,3588,1296732,360.96791594,0.021160032600164413,0.0003,80420
327.86,0.05,1118,1161,3592,1298052,361.02610113000003,0.775449275970459,0.0003,80503
325.4,0.05,1119,1161,3596,1299292,360.29951086000005,1.0198642015457153,0.0003,80580
329.25,0.05,1120,1161,3600,1301040,355.66684932,0.431875616312027,0.0003,80689
332.35,0.05,1121,1161,3604,1302512,352.59389460000006,0.3938005268573761,0.0003,80781
330.74,0.05,1122,1161,3608,1304072,352.59137264,2.468197822570801,0.0003,80879
333.45,0.05,1124,1161,3612,1305680,351.88398840999986,0.024571897462010384,0.0003,80979
334.21,0.05,1125,1161,3616,1306812,352.10685983,1.361142635345459,0.0003,81050
334.07,0.05,1125,1161,3620,1308048,352.18561165,1.6455858945846558,0.0003,81127
333.11,0.05,1127,1161,3624,1309568,352.14461108,0.3642445504665375,0.0003,81222
334.84,0.05,1127,1162,3628,1310780,351.14488900000003,0.02805902436375618,0.0003,81298
332.98,0.05,1129,1162,3632,1312224,351.19530627,0.6956090331077576,0.0003,81388
335.51,0.05,1130,1162,3636,1313396,353.3309794699999,0.702070415019989,0.0003,81462
337.24,0.05,1131,1162,3640,1314664,352.73656708999994,0.021548109129071236,0.0003,81541
336.08,0.05,1132,1162,3644,1315880,352.6230098099999,0.03315721079707146,0.0003,81617
336.46,0.05,1133,1162,3648,1317264,352.34470643999987,1.5819954872131348,0.0003,81703
339.16,0.05,1134,1162,3652,1318904,351.17452039999995,0.46143838763237,0.0003,81806
339.76,0.05,1136,1162,3656,1320792,350.76128508,1.925557017326355,0.0003,81924
339.11,0.05,1137,1162,3660,1321964,349.29826588000003,1.9175865650177002,0.0003,81997
345.71,0.05,1138,1162,3664,1323700,350.10592425000004,0.39045965671539307,0.0003,82106
345.1,0.05,1139,1162,3668,1324996,346.93644943999993,1.674570918083191,0.0003,82187
344.36,0.05,1140,1163,3672,1326116,344.06923238,0.4157668352127075,0.0003,82257
345.86,0.05,1141,1163,3676,1327396,345.14730085,0.40198513865470886,0.0003,82337
341.9,0.05,1141,1163,3680,1328604,336.37127594000003,0.7040241956710815,0.0003,82412
341.56,0.05,1142,1163,3684,1330040,337.21695815999993,0.7663759589195251,0.0003,82502
344.58,0.05,1143,1164,3688,1331156,338.65570541,0.026420895010232925,0.0003,82572
344.78,0.05,1144,1164,3692,1332596,339.40973806,0.3938175439834595,0.0003,82662
345.74,0.05,1145,1164,3696,1333900,340.89137365000005,0.03761963173747063,0.0003,82743
339.5,0.05,1146,1164,3700,1335032,346.53607406000003,0.01275394856929779,0.0003,82814
336.0,0.05,1147,1165,3704,1336320,349.84625311,1.0862672328948975,0.0003,82894
329.45,0.05,1147,1165,3708,1336872,342.04138743999994,0.8714678883552551,0.0003,82929
325.82,0.05,1148,1165,3712,1338032,340.73590654,1.6281989812850952,0.0003,83001
322.72,0.05,1149,1165,3716,1339004,335.02865571,1.520226240158081,0.0003,83062
320.8,0.05,1149,1165,3720,1340204,335.76590218999996,0.4277980327606201,0.0003,83137
319.73,0.05,1150,1165,3724,1341432,336.78479226999997,0.46419528126716614,0.0003,83214
316.92,0.05,1151,1165,3728,1342496,333.26478397,0.40496739745140076,0.0003,83280
315.6,0.05,1152,1165,3732,1343384,330.51045885,0.6879695653915405,0.0003,83336
311.32,0.05,1153,1165,3736,1344604,328.10096486000003,0.07566601037979126,0.0003,83412
306.77,0.05,1154,1165,3740,1345768,325.26659484,0.46373558044433594,0.0003,83485
304.59,0.05,1155,1165,3744,1347088,319.41683785,0.04404307156801224,0.0003,83567
307.06,0.05,1156,1166,3748,1348320,315.5462802,0.03133248910307884,0.0003,83644
304.49,0.05,1157,1166,3752,1349796,316.6815179,1.4607477188110352,0.0003,83737
305.28,0.05,1160,1164,3756,1351084,316.77858191999997,0.3247077763080597,0.0003,83817
304.1,0.05,1161,1164,3760,1352200,322.17658177,1.2723944187164307,0.0003,83887
299.51,0.05,1162,1164,3764,1353864,325.89053985000004,0.028844283893704414,0.0003,83991
304.53,0.05,1163,1164,3768,1355428,323.41655523000003,0.42151498794555664,0.0003,84089
304.36,0.05,1164,1165,3772,1356896,326.09128836,2.004432201385498,0.0003,84180
304.71,0.05,1165,1165,3776,1358204,320.33172476000004,0.024321148172020912,0.0003,84262
311.49,0.05,1166,1165,3780,1359492,323.08147816,0.06934424489736557,0.0003,84343
310.42,0.05,1167,1165,3784,1361192,322.93765654,2.3684282302856445,0.0003,84449
309.2,0.05,1168,1165,3788,1361868,317.05212855999997,1.5704021453857422,0.0003,84491
307.75,0.05,1168,1166,3792,1362980,317.43251233999996,2.484768867492676,0.0003,84561
296.94,0.05,1169,1166,3796,1363688,301.64847653,0.025798866525292397,0.0003,84605
297.59,0.05,1170,1166,3800,1365052,301.32576004,2.9011759757995605,0.0003,84690
296.18,0.05,1170,1166,3804,1366056,296.96848189,1.2752807140350342,0.0003,84753
303.4,0.05,1171,1166,3808,1367216,305.49834025,0.025559566915035248,0.0003,84825
304.22,0.05,1172,1167,3812,1368508,307.97368361,0.3643735349178314,0.0003,84906
307.66,0.05,1173,1167,3816,1369664,313.46450767,0.7429344058036804,0.0003,84978
309.76,0.05,1174,1167,3820,1371208,312.71502774,0.0448007769882679,0.0003,85075
312.66,0.05,1175,1167,3824,1372732,309.83002199,0.024326162412762642,0.0003,85170
317.27,0.05,1176,1168,3828,1374448,311.06668930999996,0.03369917348027229,0.0003,85277
319.64,0.05,1177,1168,3832,1376056,307.48949655,1.6761269569396973,0.0003,85378
325.27,0.05,1178,1168,3836,1377532,308.23892240000004,0.8152459859848022,0.0003,85470
329.01,0.05,1179,1168,3840,1378964,305.05369501999996,0.4305426776409149,0.0003,85560
333.89,0.05,1181,1168,3844,1380728,310.55038592,2.0903353691101074,0.0003,85670
335.21,0.05,1182,1169,3848,1382016,313.4527790099999,0.43772807717323303,0.0003,85750
336.73,0.05,1183,1169,3852,1383440,312.1642932799999,0.5203099846839905,0.0003,85839
336.21,0.05,1184,1169,3856,1385184,310.48755165999995,1.2964859008789062,0.0003,85948
339.18,0.05,1184,1169,3860,1386280,307.69567298999993,0.46815213561058044,0.0003,86017
339.8,0.05,1185,1170,3864,1387636,307.12574621999994,0.42605116963386536,0.0003,86102
335.2,0.05,1187,1170,3868,1389184,312.89510104,0.037807513028383255,0.0003,86198
336.1,0.05,1187,1170,3872,1390032,310.84233128000005,0.029666688293218613,0.0003,86251
325.48,0.05,1188,1170,3876,1390576,302.1637480400001,1.2449121475219727,0.0003,86285
320.51,0.05,1189,1170,3880,1391844,305.31950143,0.3887540102005005,0.0003,86365
321.64,0.05,1190,1170,3884,1393088,305.16021958,0.37925392389297485,0.0003,86442
323.3,0.05,1191,1170,3888,1394524,311.0524334600001,0.38170289993286133,0.0003,86532
324.67,0.05,1192,1170,3892,1395864,310.73774707000007,0.8125112056732178,0.0003,86616
334.63,0.05,1193,1170,3896,1397060,326.41365776000004,1.56856107711792,0.0003,86691
335.95,0.05,1194,1171,3900,1398272,326.36788522,0.03811078891158104,0.0003,86766
337.22,0.05,1195,1171,3904,1399520,327.6680583,0.4245549738407135,0.0003,86844
335.87,0.05,1196,1171,3908,1400660,327.93629002999995,0.4291972219944,0.0003,86916
336.3,0.05,1197,1171,3912,1402124,328.03451175000004,0.34967803955078125,0.0003,87007
335.79,0.05,1198,1171,3916,1403468,328.52716247000006,1.5688189268112183,0.0003,87091
335.4,0.05,1199,1171,3920,1404764,328.69336362,2.2317512035369873,0.0003,87172
333.94,0.05,1200,1171,3924,1406224,331.12711441,0.436168909072876,0.0003,87263
330.79,0.05,1201,1171,3928,1407464,334.03012988,0.7193562984466553,0.0003,87341
330.87,0.05,1202,1171,3932,1408536,340.3119542799999,0.36052608489990234,0.0003,87408
328.47,0.05,1203,1171,3936,1409852,343.0498609300001,1.134657621383667,0.0003,87490
328.21,0.05,1204,1171,3940,1411224,349.5878368099999,0.3813946545124054,0.0003,87576
326.73,0.05,1205,1171,3944,1412364,350.17578378999997,1.23714017868042,0.0003,87647
321.34,0.05,1206,1171,3948,1413504,351.65211546000006,1.751747965812683,0.0003,87718
318.85,0.05,1207,1172,3952,1414928,352.92587167000005,0.3916597366333008,0.0003,87807
318.07,0.05,1208,1172,3956,1416248,354.39753349,2.983445167541504,0.0003,87890
313.66,0.05,1209,1172,3960,1417528,357.2080469200001,1.1207202672958374,0.0003,87970
312.45,0.05,1210,1172,3964,1418764,357.75431864,0.022804709151387215,0.0003,88047
310.26,0.05,1210,1172,3968,1419684,354.6575845199999,0.4239963889122009,0.0003,88105
310.84,0.05,1212,1172,3972,1421068,357.76970919000007,1.2415746450424194,0.0003,88191
319.88,0.05,1212,1172,3976,1422384,372.2757613,1.5903538465499878,0.0003,88273
321.71,0.05,1214,1172,3980,1423812,376.01394686,0.4224186837673187,0.0003,88363
321.27,0.05,1214,1172,3984,1424960,371.00298903999993,3.132047653198242,0.0003,88434
311.92,0.05,1217,1170,3988,1425572,358.5360311000001,1.2145745754241943,0.0003,88473
312.5,0.05,1218,1170,3992,1426756,358.62860489999997,1.479131817817688,0.0003,88547
311.85,0.05,1219,1170,3996,1428044,358.4989798300001,1.6539502143859863,0.0003,88627
310.2,0.05,1220,1171,4000,1429344,358.6321387500001,0.732162594795227,0.0003,88708
308.45,0.05,1221,1171,4004,1430356,361.86589518,0.7770373821258545,0.0003,88772
308.76,0.05,1222,1171,4008,1431604,361.46193868999995,0.3832073509693146,0.0003,88850
309.35,0.05,1223,1171,4012,1432928,361.22947494,0.41275861859321594,0.0003,88932
309.24,0.05,1224,1171,4016,1434108,361.14219849999995,0.02651333250105381,0.0003,89006
308.22,0.05,1225,1171,4020,1435420,361.36122095999997,2.7301087379455566,0.0003,89088
307.1,0.05,1226,1171,4024,1436748,358.86487937999993,1.4087425470352173,0.0003,89171
306.92,0.05,1227,1171,4028,1438020,359.14878976,0.3313021957874298,0.0003,89251
308.18,0.05,1228,1171,4032,1439448,359.06648315000007,0.5265774130821228,0.0003,89340
307.66,0.05,1229,1171,4036,1440772,358.83138112000006,1.6359095573425293,0.0003,89423
307.58,0.05,1231,1171,4040,1441924,358.48442615000005,2.513467788696289,0.0003,89495
308.17,0.05,1232,1170,4044,1443408,357.94045792,1.5886061191558838,0.0003,89587
309.67,0.05,1233,1171,4048,1445008,357.01072516999994,0.7743840217590332,0.0003,89687
311.16,0.05,1234,1171,4052,1446124,356.36761774999997,1.8301619291305542,0.0003,89757
310.95,0.05,1235,1171,4056,1447200,356.8237722,1.2487084865570068,0.0003,89824
312.09,0.05,1236,1171,4060,1448840,356.85935909,0.3948904275894165,0.0003,89927
313.8,0.05,1237,1171,4064,1450084,356.62187996999995,0.7502817511558533,0.0003,90005
313.81,0.05,1238,1171,4068,1451588,356.93105018999995,0.029167896136641502,0.0003,90099
315.94,0.05,1240,1171,4072,1453176,356.86490778,0.7292607426643372,0.0003,90198
319.04,0.05,1241,1171,4076,1454500,355.8721541000001,1.9516823291778564,0.0003,90281
322.51,0.05,1243,1171,4080,1456388,355.45896645,0.08437248319387436,0.0003,90399
324.01,0.05,1244,1170,4084,1457664,358.70125427000005,0.7831356525421143,0.0003,90478
330.85,0.05,1246,1170,4088,1459008,371.41959475000004,0.05588224157691002,0.0003,90562
330.45,0.05,1247,1170,4092,1460180,371.15453355,0.7465327382087708,0.0003,90636
330.73,0.05,1248,1170,4096,1461264,370.9504203799999,1.1537268161773682,0.0003,90703
330.8,0.05,1249,1170,4100,1462744,370.91254607,1.0882577896118164,0.0003,90796
333.87,0.05,1250,1170,4104,1463960,370.3340272499999,0.40145236253738403,0.0003,90872
332.1,0.05,1252,1169,4108,1465024,365.93394298000004,0.37487339973449707,0.0003,90938
331.06,0.05,1253,1169,4112,1466496,366.14761145999995,1.0676909685134888,0.0003,91030
333.0,0.05,1255,1169,4116,1467620,363.86953476,2.8342978954315186,0.0003,91101
333.85,0.05,1256,1168,4120,1468908,363.7261403,0.4179292321205139,0.0003,91181
335.28,0.05,1258,1168,4124,1470304,366.02663922,0.03305796906352043,0.0003,91268
337.4,0.05,1259,1168,4128,1471544,365.64265594999995,0.03900396451354027,0.0003,91346
330.21,0.05,1260,1168,4132,1472720,357.8430710300001,0.4189757704734802,0.0003,91419
326.73,0.05,1261,1168,4136,1473408,350.50738617999997,0.41651198267936707,0.0003,91462
321.64,0.05,1262,1167,4140,1474256,343.82562144,0.026093078777194023,0.0003,91515
319.97,0.05,1263,1167,4144,1475380,344.47777189999994,0.38809800148010254,0.0003,91586
319.03,0.05,1265,1166,4148,1476708,345.3996651799999,1.6334865093231201,0.0003,91669
318.2,0.05,1266,1167,4152,1478116,346.04365142,0.4165743887424469,0.0003,91757
317.95,0.05,1267,1167,4156,1479448,346.1509692299999,0.37394094467163086,0.0003,91840
318.69,0.05,1269,1166,4160,1480764,346.08333257,1.1401019096374512,0.0003,91922
317.41,0.05,1269,1166,4164,1481780,346.2279898600001,1.6638933420181274,0.0003,91986
316.23,0.05,1270,1166,4168,1482908,345.56053572,1.5854692459106445,0.0003,92056
315.17,0.05,1272,1166,4172,1484164,343.76569295999997,1.9670805931091309,0.0003,92135
309.92,0.05,1273,1166,4176,1485180,344.90103896,0.43332624435424805,0.0003,92198
306.91,0.05,1274,1165,4180,1486464,345.60985442000003,0.7676630020141602,0.0003,92278
302.8,0.05,1276,1165,4184,1487664,345.10946285,0.035812146961688995,0.0003,92353
303.37,0.05,1277,1165,4188,1489148,344.87831263,1.5733907222747803,0.0003,92446
299.45,0.05,1278,1165,4192,1489768,340.96463912,0.05278371647000313,0.0003,92485
298.98,0.05,1279,1165,4196,1490856,341.54307682000007,1.6287323236465454,0.0003,92553
299.26,0.05,1280,1165,4200,1492096,341.65726828,0.7676324248313904,0.0003,92630
298.5,0.05,1282,1164,4204,1493468,342.2009502,1.245418906211853,0.0003,92716
296.64,0.05,1283,1164,4208,1494668,339.29917204,0.7382645010948181,0.0003,92791
296.13,0.05,1284,1164,4212,1495704,339.56969539,1.27847158908844,0.0003,92856
293.54,0.05,1285,1164,4216,1496900,342.16973214999996,1.8973464965820312,0.0003,92931
285.57,0.05,1286,1164,4220,1497340,330.73895037,0.869963526725769,0.0003,92958
282.1,0.05,1287,1164,4224,1498548,326.89040186,1.6338119506835938,0.0003,93034
280.86,0.05,1288,1164,4228,1499984,327.27662745000003,0.030273562297225,0.0003,93123
